_id,index1,meteo_date,datetime,year,month,day,weekday_int,weekday_str,meteo_tmed,meteo_prec,meteo_tmin,meteo_tmax,meteo_dir,meteo_velmedia,meteo_racha,meteo_presMax,meteo_presMin
9836,"(2017, 4, 1)",01/04/2017,20170401,2017,4,1,6,Saturday,12.6,0.0,8.0,17.3,30.0,3.3,13.6,944.8,941.4
7984,"(2017, 4, 2)",02/04/2017,20170402,2017,4,2,7,Sunday,12.8,0.0,6.7,19.0,8.0,2.2,9.7,944.3,941.5
9627,"(2017, 4, 3)",03/04/2017,20170403,2017,4,3,1,Monday,12.5,0.0,5.7,19.3,4.0,1.1,8.6,946.7,944.2
10545,"(2017, 4, 4)",04/04/2017,20170404,2017,4,4,2,Tuesday,14.5,0.0,7.0,22.0,5.0,1.4,11.1,946.2,942.8
10124,"(2017, 4, 5)",05/04/2017,20170405,2017,4,5,3,Wednesday,13.6,0.0,8.2,19.0,4.0,3.1,11.7,944.2,942.0
10222,"(2017, 4, 6)",06/04/2017,20170406,2017,4,6,4,Thursday,14.8,0.0,8.0,21.5,10.0,2.2,10.0,944.6,939.9
10187,"(2017, 4, 7)",07/04/2017,20170407,2017,4,7,5,Friday,16.4,0.0,9.7,23.0,6.0,1.4,7.5,942.5,939.5
8231,"(2017, 4, 8)",08/04/2017,20170408,2017,4,8,6,Saturday,16.6,0.0,10.0,23.2,10.0,0.8,4.4,944.6,941.2
7350,"(2017, 4, 9)",09/04/2017,20170409,2017,4,9,7,Sunday,17.3,0.0,10.6,24.0,11.0,1.7,7.2,946.5,943.7
8983,"(2017, 4, 10)",10/04/2017,20170410,2017,4,10,1,Monday,18.0,0.0,10.6,25.3,12.0,0.6,5.3,947.9,944.0
9125,"(2017, 4, 11)",11/04/2017,20170411,2017,4,11,2,Tuesday,20.0,0.0,12.3,27.7,21.0,0.8,6.4,946.5,940.9
8244,"(2017, 4, 12)",12/04/2017,20170412,2017,4,12,3,Wednesday,20.1,0.0,12.0,28.2,23.0,1.4,8.3,943.5,939.9
5468,"(2017, 4, 13)",13/04/2017,20170413,2017,4,13,4,Thursday,19.7,0.0,12.0,27.4,26.0,2.2,10.8,942.6,939.5
5159,"(2017, 4, 14)",14/04/2017,20170414,2017,4,14,5,Friday,19.2,0.0,13.0,25.4,23.0,1.7,9.7,942.1,939.6
5656,"(2017, 4, 15)",15/04/2017,20170415,2017,4,15,6,Saturday,20.2,0.0,13.5,27.0,99.0,1.7,8.9,943.7,939.8
6124,"(2017, 4, 16)",16/04/2017,20170416,2017,4,16,7,Sunday,18.5,0.0,11.0,26.0,4.0,1.9,8.1,945.3,941.0
10041,"(2017, 4, 17)",17/04/2017,20170417,2017,4,17,1,Monday,20.2,0.0,12.7,27.6,3.0,1.7,9.2,941.8,937.5
11316,"(2017, 4, 18)",18/04/2017,20170418,2017,4,18,2,Tuesday,20.8,0.0,14.0,27.5,4.0,1.9,10.8,940.1,935.8
10652,"(2017, 4, 19)",19/04/2017,20170419,2017,4,19,3,Wednesday,17.8,2.5,12.0,23.5,2.0,2.8,10.3,941.4,937.3
10328,"(2017, 4, 20)",20/04/2017,20170420,2017,4,20,4,Thursday,14.4,0.0,9.4,19.5,12.0,3.1,11.7,947.2,942.0
11521,"(2017, 4, 21)",21/04/2017,20170421,2017,4,21,5,Friday,13.9,0.0,6.1,21.7,14.0,2.2,9.2,948.3,944.8
9082,"(2017, 4, 22)",22/04/2017,20170422,2017,4,22,6,Saturday,13.9,0.0,6.1,21.7,9.0,0.8,6.7,949.2,941.4
9881,"(2017, 4, 23)",23/04/2017,20170423,2017,4,23,7,Sunday,18.4,0.0,10.9,26.0,15.0,0.8,4.7,942.3,937.8
10768,"(2017, 4, 24)",24/04/2017,20170424,2017,4,24,1,Monday,19.8,1.3,12.6,27.0,3.0,1.1,9.4,940.0,934.5
10791,"(2017, 4, 25)",25/04/2017,20170425,2017,4,25,2,Tuesday,18.0,0.0,12.9,23.2,25.0,2.5,14.7,935.7,929.6
10933,"(2017, 4, 26)",26/04/2017,20170426,2017,4,26,3,Wednesday,13.4,0.2,6.3,20.5,4.0,1.7,13.1,932.6,929.9
10128,"(2017, 4, 27)",27/04/2017,20170427,2017,4,27,4,Thursday,10.0,0.0,3.8,16.1,4.0,3.6,15.3,938.9,932.3
9445,"(2017, 4, 28)",28/04/2017,20170428,2017,4,28,5,Friday,10.6,3.3,3.3,17.8,2.0,3.3,13.9,939.0,935.9
3984,"(2017, 4, 29)",29/04/2017,20170429,2017,4,29,6,Saturday,10.1,4.5,7.8,12.4,11.0,0.6,6.1,937.3,933.1
4206,"(2017, 4, 30)",30/04/2017,20170430,2017,4,30,7,Sunday,11.0,0.6,7.7,14.4,25.0,1.7,14.7,939.7,933.3
6009,"(2017, 5, 1)",01/05/2017,20170501,2017,5,1,1,Monday,11.9,0.0,5.2,18.6,30.0,1.1,8.1,943.1,939.7
8156,"(2017, 5, 2)",02/05/2017,20170502,2017,5,2,2,Tuesday,16.4,0.0,9.2,23.7,99.0,1.7,6.4,943.3,939.0
11172,"(2017, 5, 3)",03/05/2017,20170503,2017,5,3,3,Wednesday,19.4,0.0,12.0,26.7,24.0,1.1,6.7,940.1,934.7
11768,"(2017, 5, 4)",04/05/2017,20170504,2017,5,4,4,Thursday,20.1,0.0,14.2,26.0,5.0,1.4,5.3,935.8,931.1
10419,"(2017, 5, 5)",05/05/2017,20170505,2017,5,5,5,Friday,17.2,0.3,11.5,23.0,28.0,3.6,13.6,937.2,931.3
9439,"(2017, 5, 6)",06/05/2017,20170506,2017,5,6,6,Saturday,15.6,0.0,9.5,21.6,23.0,1.7,8.3,943.3,937.0
9871,"(2017, 5, 7)",07/05/2017,20170507,2017,5,7,7,Sunday,19.2,0.0,12.0,26.4,3.0,1.7,7.5,944.6,940.3
11945,"(2017, 5, 8)",08/05/2017,20170508,2017,5,8,1,Monday,21.8,0.0,14.7,28.8,2.0,1.4,8.3,942.7,935.2
12691,"(2017, 5, 9)",09/05/2017,20170509,2017,5,9,2,Tuesday,22.4,0.0,16.2,28.6,22.0,3.3,13.3,936.1,927.8
12201,"(2017, 5, 10)",10/05/2017,20170510,2017,5,10,3,Wednesday,17.9,15.0,12.8,23.0,27.0,3.1,11.7,929.7,924.7
8385,"(2017, 5, 11)",11/05/2017,20170511,2017,5,11,4,Thursday,13.2,3.4,10.3,16.1,25.0,3.3,17.2,928.8,923.2
8374,"(2017, 5, 12)",12/05/2017,20170512,2017,5,12,5,Friday,14.1,2.1,10.4,17.8,23.0,2.2,11.9,937.1,929.2
8428,"(2017, 5, 13)",13/05/2017,20170513,2017,5,13,6,Saturday,16.1,0.0,11.8,20.4,24.0,2.8,12.2,944.2,937.2
9115,"(2017, 5, 14)",14/05/2017,20170514,2017,5,14,7,Sunday,17.0,0.0,10.8,23.2,27.0,1.4,7.2,948.6,944.4
9349,"(2017, 5, 15)",15/05/2017,20170515,2017,5,15,1,Monday,20.0,0.0,13.6,26.5,4.0,1.4,5.6,950.9,947.0
12206,"(2017, 5, 16)",16/05/2017,20170516,2017,5,16,2,Tuesday,23.2,0.0,16.5,29.8,16.0,1.4,7.5,949.3,943.7
12813,"(2017, 5, 17)",17/05/2017,20170517,2017,5,17,3,Wednesday,23.0,6.3,17.6,28.3,32.0,1.4,7.2,945.6,937.7
12012,"(2017, 5, 18)",18/05/2017,20170518,2017,5,18,4,Thursday,16.4,0.0,12.6,20.2,28.0,2.2,12.5,941.6,934.8
12998,"(2017, 5, 19)",19/05/2017,20170519,2017,5,19,5,Friday,16.5,0.0,10.0,23.0,2.0,1.7,8.9,944.3,940.8
10848,"(2017, 5, 20)",20/05/2017,20170520,2017,5,20,6,Saturday,19.0,0.0,11.4,26.7,9.0,1.1,4.4,946.0,942.0
9586,"(2017, 5, 21)",21/05/2017,20170521,2017,5,21,7,Sunday,21.4,0.0,16.1,26.7,12.0,2.8,8.9,943.9,938.3
12741,"(2017, 5, 22)",22/05/2017,20170522,2017,5,22,1,Monday,22.0,0.0,15.2,28.8,4.0,0.3,10.3,940.7,938.4
13246,"(2017, 5, 23)",23/05/2017,20170523,2017,5,23,2,Tuesday,25.2,0.0,18.5,31.8,4.0,2.2,10.6,943.0,940.1
13868,"(2017, 5, 24)",24/05/2017,20170524,2017,5,24,3,Wednesday,24.8,0.0,17.5,32.0,17.0,1.4,7.8,943.8,939.2
14225,"(2017, 5, 25)",25/05/2017,20170525,2017,5,25,4,Thursday,26.3,0.0,19.6,33.0,18.0,1.4,6.9,940.9,935.2
14055,"(2017, 5, 26)",26/05/2017,20170526,2017,5,26,5,Friday,26.2,0.0,18.6,33.7,27.0,1.9,8.3,937.8,934.1
11851,"(2017, 5, 27)",27/05/2017,20170527,2017,5,27,6,Saturday,26.2,0.0,19.5,33.0,12.0,1.9,11.7,940.0,936.7
10647,"(2017, 5, 28)",28/05/2017,20170528,2017,5,28,7,Sunday,23.4,0.0,19.4,27.3,14.0,2.2,7.2,941.4,937.2
12933,"(2017, 5, 29)",29/05/2017,20170529,2017,5,29,1,Monday,22.3,0.0,18.3,26.3,99.0,2.2,8.6,939.0,936.7
14067,"(2017, 5, 30)",30/05/2017,20170530,2017,5,30,2,Tuesday,21.7,0.0,16.4,27.0,4.0,0.8,8.3,941.0,937.9
14769,"(2017, 5, 31)",31/05/2017,20170531,2017,5,31,3,Wednesday,23.6,0.0,16.6,30.5,17.364828773009318,1.7679616297787106,9.099262424397352,942.7,939.3
14652,"(2017, 6, 1)",01/06/2017,20170601,2017,6,1,4,Thursday,25.2,0.0,18.4,32.1,2.0,1.7,7.5,942.8,939.4
14074,"(2017, 6, 2)",02/06/2017,20170602,2017,6,2,5,Friday,25.2,0.6,18.2,32.3,7.0,1.7,13.9,941.4,936.9
10651,"(2017, 6, 3)",03/06/2017,20170603,2017,6,3,6,Saturday,23.2,0.0,17.7,28.6,2.0,1.4,11.1,939.8,937.8
10490,"(2017, 6, 4)",04/06/2017,20170604,2017,6,4,7,Sunday,21.4,0.0,15.3,27.5,34.0,3.3,11.7,941.1,936.3
13150,"(2017, 6, 5)",05/06/2017,20170605,2017,6,5,1,Monday,19.5,0.0,12.4,26.6,34.0,0.6,9.7,942.0,937.1
13981,"(2017, 6, 6)",06/06/2017,20170606,2017,6,6,2,Tuesday,22.0,0.0,15.5,28.6,34.0,0.8,9.7,941.0,937.8
14579,"(2017, 6, 7)",07/06/2017,20170607,2017,6,7,3,Wednesday,24.4,0.0,16.9,31.8,16.0,1.1,7.5,944.5,939.6
14793,"(2017, 6, 8)",08/06/2017,20170608,2017,6,8,4,Thursday,26.9,0.0,20.0,33.8,23.0,1.9,6.7,941.0,935.6
14723,"(2017, 6, 9)",09/06/2017,20170609,2017,6,9,5,Friday,26.8,0.0,20.8,32.8,24.0,1.4,8.9,939.0,937.0
11517,"(2017, 6, 10)",10/06/2017,20170610,2017,6,10,6,Saturday,28.0,0.0,20.8,35.1,4.0,0.8,6.4,941.8,939.0
10648,"(2017, 6, 11)",11/06/2017,20170611,2017,6,11,7,Sunday,30.0,0.0,22.8,37.2,12.0,1.4,6.4,942.4,937.9
13509,"(2017, 6, 12)",12/06/2017,20170612,2017,6,12,1,Monday,30.3,0.0,23.6,37.0,14.0,1.9,8.9,940.9,936.3
14310,"(2017, 6, 13)",13/06/2017,20170613,2017,6,13,2,Tuesday,29.5,0.0,22.8,36.2,15.0,1.4,8.6,938.5,935.2
14694,"(2017, 6, 14)",14/06/2017,20170614,2017,6,14,3,Wednesday,30.4,0.0,23.6,37.2,27.0,2.2,8.6,940.0,937.0
14433,"(2017, 6, 15)",15/06/2017,20170615,2017,6,15,4,Thursday,31.5,0.1,24.0,39.0,12.0,1.9,16.1,945.1,937.5
13944,"(2017, 6, 16)",16/06/2017,20170616,2017,6,16,5,Friday,30.3,0.0,23.0,37.6,99.0,1.4,6.7,945.0,941.0
10488,"(2017, 6, 17)",17/06/2017,20170617,2017,6,17,6,Saturday,32.8,0.0,25.5,40.0,4.0,1.4,7.8,942.9,937.3
9218,"(2017, 6, 18)",18/06/2017,20170618,2017,6,18,7,Sunday,31.8,0.0,25.0,38.6,14.0,1.1,13.6,939.2,936.0
13838,"(2017, 6, 19)",19/06/2017,20170619,2017,6,19,1,Monday,27.2,0.5,21.0,33.5,9.0,1.4,14.2,945.5,935.4
13965,"(2017, 6, 20)",20/06/2017,20170620,2017,6,20,2,Tuesday,27.0,1.1708853203197125,21.2,32.8,32.0,1.9,12.2,943.6,940.7
15431,"(2017, 6, 21)",21/06/2017,20170621,2017,6,21,3,Wednesday,29.0,0.0,21.6,36.3,24.0,1.1,5.8,942.1,938.9
15267,"(2017, 6, 22)",22/06/2017,20170622,2017,6,22,4,Thursday,30.8,0.0,24.5,37.0,22.0,1.7,7.8,942.7,940.4
14295,"(2017, 6, 23)",23/06/2017,20170623,2017,6,23,5,Friday,29.0,0.0,21.7,36.2,25.0,2.2,9.7,945.2,942.2
10597,"(2017, 6, 24)",24/06/2017,20170624,2017,6,24,6,Saturday,28.9,0.0,21.5,36.3,22.0,2.8,12.8,943.7,939.6
8609,"(2017, 6, 25)",25/06/2017,20170625,2017,6,25,7,Sunday,27.0,3.4,18.8,35.3,36.0,2.5,14.7,940.6,935.2
12936,"(2017, 6, 26)",26/06/2017,20170626,2017,6,26,1,Monday,24.0,0.1,17.3,30.7,36.0,2.8,9.7,937.6,934.4
14739,"(2017, 6, 27)",27/06/2017,20170627,2017,6,27,2,Tuesday,23.8,0.0,18.5,29.0,36.0,3.6,12.8,935.2,933.0
14511,"(2017, 6, 28)",28/06/2017,20170628,2017,6,28,3,Wednesday,20.8,0.0,15.7,26.0,23.0,4.7,15.3,935.2,932.2
14486,"(2017, 6, 29)",29/06/2017,20170629,2017,6,29,4,Thursday,18.2,0.0,12.8,23.7,30.0,3.3,13.6,937.9,934.6
13214,"(2017, 6, 30)",30/06/2017,20170630,2017,6,30,5,Friday,16.8,0.0,10.9,22.6,33.0,1.7,10.0,943.1,937.6
9125,"(2017, 7, 1)",01/07/2017,20170701,2017,7,1,6,Saturday,18.8,0.0,12.6,25.0,6.0,2.2,10.6,947.4,943.1
8736,"(2017, 7, 2)",02/07/2017,20170702,2017,7,2,7,Sunday,22.5,0.0,13.4,31.6,7.0,3.1,11.4,948.0,943.8
13171,"(2017, 7, 3)",03/07/2017,20170703,2017,7,3,1,Monday,26.0,0.0,18.0,34.0,6.0,0.8,5.8,946.6,941.1
14386,"(2017, 7, 4)",04/07/2017,20170704,2017,7,4,2,Tuesday,28.2,0.0,21.0,35.5,14.0,2.5,10.3,941.9,937.1
14848,"(2017, 7, 5)",05/07/2017,20170705,2017,7,5,3,Wednesday,28.4,3.5,21.2,35.5,13.0,2.2,10.8,941.0,935.7
7098,"(2017, 7, 6)",06/07/2017,20170706,2017,7,6,4,Thursday,19.3,25.2,16.4,22.2,36.0,2.2,11.7,942.7,938.0
8756,"(2017, 7, 7)",07/07/2017,20170707,2017,7,7,5,Friday,20.6,19.3,15.9,25.3,32.0,2.2,11.9,941.0,939.0
9095,"(2017, 7, 8)",08/07/2017,20170708,2017,7,8,6,Saturday,20.4,1.3,15.8,24.9,88.0,1.9906956277981183,6.7,940.4,937.4
9570,"(2017, 7, 9)",09/07/2017,20170709,2017,7,9,7,Sunday,24.0,0.0,16.6,31.5,24.0,1.9,6.7,940.0,936.4
13536,"(2017, 7, 10)",10/07/2017,20170710,2017,7,10,1,Monday,25.4,0.0,18.5,32.2,26.0,1.9,8.3,937.9,935.2
14080,"(2017, 7, 11)",11/07/2017,20170711,2017,7,11,2,Tuesday,26.2,0.0,18.7,33.7,25.0,1.7,8.6,940.4,936.4
14496,"(2017, 7, 12)",12/07/2017,20170712,2017,7,12,3,Wednesday,28.5,0.0,20.2,36.8,99.0,2.2,7.5,944.0,938.7
13721,"(2017, 7, 13)",13/07/2017,20170713,2017,7,13,4,Thursday,31.2,0.0,22.7,39.7,26.0,2.2,11.9,943.3,939.0
12734,"(2017, 7, 14)",14/07/2017,20170714,2017,7,14,5,Friday,32.2,0.0,24.7,39.6,23.0,2.8,11.4,940.7,937.6
8991,"(2017, 7, 15)",15/07/2017,20170715,2017,7,15,6,Saturday,30.2,0.0,23.0,37.5,5.0,1.1,8.9,941.5,939.0
8726,"(2017, 7, 16)",16/07/2017,20170716,2017,7,16,7,Sunday,30.6,0.0,24.0,37.2,13.0,1.1,8.1,942.5,939.5
12832,"(2017, 7, 17)",17/07/2017,20170717,2017,7,17,1,Monday,29.6,0.0,24.0,35.1,26.0,1.7,9.2,941.6,937.7
13690,"(2017, 7, 18)",18/07/2017,20170718,2017,7,18,2,Tuesday,30.0,0.0,23.9,36.0,26.0,2.5,11.9,938.9,933.7
13977,"(2017, 7, 19)",19/07/2017,20170719,2017,7,19,3,Wednesday,27.4,0.0,22.2,32.6,23.0,3.6,12.2,938.8,935.8
14121,"(2017, 7, 20)",20/07/2017,20170720,2017,7,20,4,Thursday,26.35,0.0,20.5,32.2,16.618507459227658,0.8,7.232346826755362,941.1094244163664,936.9156305053593
13266,"(2017, 7, 21)",21/07/2017,20170721,2017,7,21,5,Friday,25.3,0.0,18.8,31.8,23.0,2.2,11.7,935.9,934.6
9342,"(2017, 7, 22)",22/07/2017,20170722,2017,7,22,6,Saturday,26.2,0.0,19.5,33.0,20.0,2.2,8.6,939.9,935.3
8218,"(2017, 7, 23)",23/07/2017,20170723,2017,7,23,7,Sunday,27.4,0.0,20.5,34.2,32.0,2.5,9.2,942.1,939.6
12597,"(2017, 7, 24)",24/07/2017,20170724,2017,7,24,1,Monday,27.0,0.0,20.9,33.2,4.0,1.9,9.2,942.8,940.1
13530,"(2017, 7, 25)",25/07/2017,20170725,2017,7,25,2,Tuesday,24.2,0.0,17.0,31.3,4.0,2.2,11.1,942.3,937.2
13780,"(2017, 7, 26)",26/07/2017,20170726,2017,7,26,3,Wednesday,25.2,0.0,17.1,33.3,10.0,0.8,6.7,941.3,937.2
14321,"(2017, 7, 27)",27/07/2017,20170727,2017,7,27,4,Thursday,30.0,0.0,22.4,37.5,24.0,1.9,7.8,940.2,936.5
13044,"(2017, 7, 28)",28/07/2017,20170728,2017,7,28,5,Friday,30.0,0.0,22.0,37.9,29.0,1.9,9.4,940.6,937.8
8900,"(2017, 7, 29)",29/07/2017,20170729,2017,7,29,6,Saturday,30.1,0.0,22.5,37.7,26.0,2.5,7.8,941.0,938.0
8049,"(2017, 7, 30)",30/07/2017,20170730,2017,7,30,7,Sunday,29.8,0.0,22.6,37.0,26.0,2.5,10.8,938.7,934.8
11813,"(2017, 7, 31)",31/07/2017,20170731,2017,7,31,1,Monday,28.0,0.0,21.4,34.6,21.0,1.9,11.1,935.3,933.0
11302,"(2017, 8, 1)",01/08/2017,20170801,2017,8,1,2,Tuesday,26.5,0.0,20.0,33.0,26.0,1.7,7.8,940.2,935.1
12681,"(2017, 8, 2)",02/08/2017,20170802,2017,8,2,3,Wednesday,28.05,0.0,21.25,34.85,23.937130555681506,3.1,12.407818512286779,941.7247610266472,937.5309671156402
12307,"(2017, 8, 3)",03/08/2017,20170803,2017,8,3,4,Thursday,29.6,0.0,22.5,36.7,26.0,1.4,7.2,943.0,939.7
11162,"(2017, 8, 4)",04/08/2017,20170804,2017,8,4,5,Friday,30.6,0.0,23.6,37.5,2.0,1.1,5.3,942.0,937.8
7726,"(2017, 8, 5)",05/08/2017,20170805,2017,8,5,6,Saturday,32.2,0.0,25.1,39.2,26.0,2.2,11.9,940.1,936.3
7186,"(2017, 8, 6)",06/08/2017,20170806,2017,8,6,7,Sunday,29.4,0.0,22.2,36.5,99.0,2.5,9.2,940.8,936.9
10228,"(2017, 8, 7)",07/08/2017,20170807,2017,8,7,1,Monday,29.0,0.0,22.5,35.6,27.0,3.6,15.8,939.0,934.6
10535,"(2017, 8, 8)",08/08/2017,20170808,2017,8,8,2,Tuesday,24.0,0.0,17.7,30.2,29.0,1.9,10.0,939.4,935.6
10911,"(2017, 8, 9)",09/08/2017,20170809,2017,8,9,3,Wednesday,22.8,0.0,15.8,29.8,3.0,2.2,16.1,944.4,937.9
10237,"(2017, 8, 10)",10/08/2017,20170810,2017,8,10,4,Thursday,19.8,0.0,12.5,27.0,3.0,2.2,13.6,947.3,943.9
9406,"(2017, 8, 11)",11/08/2017,20170811,2017,8,11,5,Friday,21.0,0.0,13.4,28.5,5.0,1.1,10.0,946.5,942.9
6955,"(2017, 8, 12)",12/08/2017,20170812,2017,8,12,6,Saturday,25.0,0.0,17.6,32.4,5.0,1.4,8.9,945.8,941.6
6812,"(2017, 8, 13)",13/08/2017,20170813,2017,8,13,7,Sunday,26.8,0.0,20.2,33.5,4.0,1.7,7.5,942.9,938.5
8210,"(2017, 8, 14)",14/08/2017,20170814,2017,8,14,1,Monday,28.2,0.0,21.3,35.0,13.0,1.7,6.9,941.5,937.5
7614,"(2017, 8, 15)",15/08/2017,20170815,2017,8,15,2,Tuesday,28.5,0.0,22.4,34.6,26.0,2.8,9.7,941.6,939.4
9995,"(2017, 8, 16)",16/08/2017,20170816,2017,8,16,3,Wednesday,27.6,0.0,20.6,34.6,4.0,1.1,7.5,943.4,940.6
10467,"(2017, 8, 17)",17/08/2017,20170817,2017,8,17,4,Thursday,29.2,0.0,22.5,36.0,3.0,1.4,9.2,945.3,940.2
9372,"(2017, 8, 18)",18/08/2017,20170818,2017,8,18,5,Friday,30.1,0.0,23.6,36.6,5.0,1.9,8.1,942.4,938.1
7725,"(2017, 8, 19)",19/08/2017,20170819,2017,8,19,6,Saturday,28.4,0.0,21.6,35.3,99.0,1.1,10.6,942.5,940.0
7371,"(2017, 8, 20)",20/08/2017,20170820,2017,8,20,7,Sunday,28.8,0.0,22.0,35.7,4.0,0.8,8.3,944.7,940.8
10318,"(2017, 8, 21)",21/08/2017,20170821,2017,8,21,1,Monday,30.0,0.0,24.0,36.0,1.0,1.1,7.5,944.0,938.7
11228,"(2017, 8, 22)",22/08/2017,20170822,2017,8,22,2,Tuesday,30.4,0.0,24.1,36.6,14.0,1.7,7.2,942.0,938.0
11432,"(2017, 8, 23)",23/08/2017,20170823,2017,8,23,3,Wednesday,29.8,0.0,23.7,35.9,26.0,1.9,7.5,940.7,937.7
11726,"(2017, 8, 24)",24/08/2017,20170824,2017,8,24,4,Thursday,28.9,0.0,22.3,35.5,26.0,2.5,10.3,940.4,938.3
11160,"(2017, 8, 25)",25/08/2017,20170825,2017,8,25,5,Friday,27.2,0.0,20.0,34.4,26.0,1.7,8.6,940.8,937.7
8533,"(2017, 8, 26)",26/08/2017,20170826,2017,8,26,6,Saturday,26.0,0.8,21.1,30.8,10.0,0.8,6.7,940.7,939.0
7786,"(2017, 8, 27)",27/08/2017,20170827,2017,8,27,7,Sunday,24.4,0.3,20.8,28.0,25.0,1.9,11.1,941.5,938.2
7311,"(2017, 8, 28)",28/08/2017,20170828,2017,8,28,1,Monday,19.6,24.9,16.8,22.4,26.0,1.1,15.3,940.8,938.8
11871,"(2017, 8, 29)",29/08/2017,20170829,2017,8,29,2,Tuesday,20.9,0.0,16.2,25.6,11.0,1.1,5.8,939.7,936.6
12976,"(2017, 8, 30)",30/08/2017,20170830,2017,8,30,3,Wednesday,22.1,0.0,17.7,26.5,27.0,1.9,6.9,940.2,938.0
13939,"(2017, 8, 31)",31/08/2017,20170831,2017,8,31,4,Thursday,23.2,0.0,18.4,28.0,3.0,1.1,7.5,942.0,939.5
13436,"(2017, 9, 1)",01/09/2017,20170901,2017,9,1,5,Friday,22.5,0.0,17.0,28.0,4.0,3.1,12.2,945.0,940.9
10545,"(2017, 9, 2)",02/09/2017,20170902,2017,9,2,6,Saturday,20.0,0.0,13.6,26.5,7.0,1.4,9.2,947.0,941.6
10661,"(2017, 9, 3)",03/09/2017,20170903,2017,9,3,7,Sunday,24.1,0.0,17.0,31.2,99.0,1.9,7.2,943.2,936.5
14242,"(2017, 9, 4)",04/09/2017,20170904,2017,9,4,1,Monday,23.6,0.0,18.3,29.0,32.0,0.8,7.8,942.9,937.2
15188,"(2017, 9, 5)",05/09/2017,20170905,2017,9,5,2,Tuesday,25.1,0.0,19.2,31.0,4.0,0.8,4.4,946.2,942.9
16361,"(2017, 9, 6)",06/09/2017,20170906,2017,9,6,3,Wednesday,26.8,0.0,21.2,32.5,4.0,1.1,8.6,945.9,940.8
16272,"(2017, 9, 7)",07/09/2017,20170907,2017,9,7,4,Thursday,24.2,0.0,18.5,30.0,5.0,1.7,7.5,942.8,938.4
15306,"(2017, 9, 8)",08/09/2017,20170908,2017,9,8,5,Friday,23.8,0.0,17.0,30.6,26.0,1.1,8.1,940.8,934.4
11195,"(2017, 9, 9)",09/09/2017,20170909,2017,9,9,6,Saturday,19.8,0.0,16.1,23.5,34.0,3.3,13.1,934.6,932.3
10609,"(2017, 9, 10)",10/09/2017,20170910,2017,9,10,7,Sunday,17.8,0.0,12.0,23.5,3.0,1.4,5.3,939.7,934.6
14151,"(2017, 9, 11)",11/09/2017,20170911,2017,9,11,1,Monday,23.3,0.0,15.6,31.0,28.0,2.8,10.8,939.2,936.5
15342,"(2017, 9, 12)",12/09/2017,20170912,2017,9,12,2,Tuesday,21.6,0.0,16.6,26.5,30.0,1.4,10.0,944.1,938.1
15998,"(2017, 9, 13)",13/09/2017,20170913,2017,9,13,3,Wednesday,23.7,0.0,16.7,30.7,20.0,1.1,6.9,946.3,942.1
16208,"(2017, 9, 14)",14/09/2017,20170914,2017,9,14,4,Thursday,23.6,0.0,16.8,30.3,4.0,1.7,9.7,943.4,937.2
14963,"(2017, 9, 15)",15/09/2017,20170915,2017,9,15,5,Friday,18.4,0.0,14.0,22.8,4.0,3.1,11.9,938.3,936.3
11463,"(2017, 9, 16)",16/09/2017,20170916,2017,9,16,6,Saturday,16.0,0.0,10.7,21.2,28.0,1.7,7.8,940.4,937.5
11056,"(2017, 9, 17)",17/09/2017,20170917,2017,9,17,7,Sunday,17.5,0.0,11.0,24.0,20.0,1.4,7.5,941.3,939.1
14166,"(2017, 9, 18)",18/09/2017,20170918,2017,9,18,1,Monday,18.0,0.0,13.0,23.0,33.0,2.8,10.3,944.8,940.7
15308,"(2017, 9, 19)",19/09/2017,20170919,2017,9,19,2,Tuesday,19.2,0.0,13.0,25.5,5.0,0.6,5.6,946.3,943.0
15906,"(2017, 9, 20)",20/09/2017,20170920,2017,9,20,3,Wednesday,20.2,0.0,13.1,27.2,4.0,0.8,6.7,944.9,940.3
15749,"(2017, 9, 21)",21/09/2017,20170921,2017,9,21,4,Thursday,22.2,0.0,15.4,29.0,24.0,0.8,6.1,941.1,938.5
15264,"(2017, 9, 22)",22/09/2017,20170922,2017,9,22,5,Friday,22.2,0.0,18.0,26.5,10.0,1.9,9.2,943.2,940.2
12382,"(2017, 9, 23)",23/09/2017,20170923,2017,9,23,6,Saturday,21.2,0.0,15.7,26.8,23.0,1.1,6.7,944.3,941.6
11850,"(2017, 9, 24)",24/09/2017,20170924,2017,9,24,7,Sunday,22.8,0.0,16.6,29.0,23.0,1.4,8.3,945.6,942.0
14433,"(2017, 9, 25)",25/09/2017,20170925,2017,9,25,1,Monday,21.6,0.0,15.5,27.8,99.0,1.7,11.1,943.5,941.9
15461,"(2017, 9, 26)",26/09/2017,20170926,2017,9,26,2,Tuesday,19.8,0.0,14.5,25.1,4.0,1.7,8.1,944.0,941.6
15734,"(2017, 9, 27)",27/09/2017,20170927,2017,9,27,3,Wednesday,20.0,0.0,15.0,25.0,5.0,1.7,6.1,944.5,942.8
16298,"(2017, 9, 28)",28/09/2017,20170928,2017,9,28,4,Thursday,21.2,0.0,15.0,27.5,5.0,0.6,4.2,948.9,944.5
16105,"(2017, 9, 29)",29/09/2017,20170929,2017,9,29,5,Friday,22.3,0.0,17.0,27.6,22.0,1.1,5.6,947.5,942.5
13066,"(2017, 9, 30)",30/09/2017,20170930,2017,9,30,6,Saturday,22.2,0.0,17.0,27.4,4.0,1.1,8.9,944.1,940.6
11662,"(2017, 10, 1)",01/10/2017,20171001,2017,10,1,7,Sunday,21.7,0.0,17.4,26.0,5.0,0.8,6.7,946.4,942.6
14784,"(2017, 10, 2)",02/10/2017,20171002,2017,10,2,1,Monday,21.8,0.0,16.2,27.5,9.0,1.1,5.0,948.0,945.0
16112,"(2017, 10, 3)",03/10/2017,20171003,2017,10,3,2,Tuesday,23.4,0.0,17.5,29.4,5.0,0.8,8.3,945.7,942.2
16262,"(2017, 10, 4)",04/10/2017,20171004,2017,10,4,3,Wednesday,23.0,0.0,17.8,28.2,4.0,1.1,6.9,947.7,944.5
16797,"(2017, 10, 5)",05/10/2017,20171005,2017,10,5,4,Thursday,23.2,0.0,17.4,29.0,2.0,0.8,6.9,947.3,942.9
16470,"(2017, 10, 6)",06/10/2017,20171006,2017,10,6,5,Friday,23.0,0.0,17.0,29.0,4.0,1.9,11.7,944.7,942.0
13295,"(2017, 10, 7)",07/10/2017,20171007,2017,10,7,6,Saturday,19.4,0.0,13.3,25.5,4.0,1.4,8.1,945.6,941.8
11966,"(2017, 10, 8)",08/10/2017,20171008,2017,10,8,7,Sunday,19.7,0.0,13.9,25.5,4.0,0.6,5.0,945.1,942.0
14668,"(2017, 10, 9)",09/10/2017,20171009,2017,10,9,1,Monday,20.2,0.0,13.6,26.8,99.0,1.4,5.8,945.1,941.9
15233,"(2017, 10, 10)",10/10/2017,20171010,2017,10,10,2,Tuesday,20.0,0.0,13.4,26.6,5.0,1.1,7.5,944.8,942.1
15821,"(2017, 10, 11)",11/10/2017,20171011,2017,10,11,3,Wednesday,19.8,0.0,12.9,26.6,22.0,1.1,5.8,946.5,943.3
12083,"(2017, 10, 12)",12/10/2017,20171012,2017,10,12,4,Thursday,20.3,0.0,13.6,27.0,4.0,0.6,5.3,948.4,945.6
13139,"(2017, 10, 13)",13/10/2017,20171013,2017,10,13,5,Friday,21.8,0.0,15.7,28.0,26.0,1.1,6.7,949.0,946.2
11129,"(2017, 10, 14)",14/10/2017,20171014,2017,10,14,6,Saturday,20.5,0.0,14.5,26.5,20.0,1.1,4.7,949.7,946.2
10689,"(2017, 10, 15)",15/10/2017,20171015,2017,10,15,7,Sunday,22.0,0.0,16.8,27.1,10.0,1.1,7.2,949.6,944.7
14121,"(2017, 10, 16)",16/10/2017,20171016,2017,10,16,1,Monday,20.1,0.0,15.7,24.5,9.0,0.8,5.3,949.0,945.6
12564,"(2017, 10, 17)",17/10/2017,20171017,2017,10,17,2,Tuesday,17.3,20.1,14.3,20.3,24.0,1.4,7.8,945.7,939.8
7138,"(2017, 10, 18)",18/10/2017,20171018,2017,10,18,3,Wednesday,12.2,4.6,9.6,14.9,28.0,1.1,10.6,939.8,934.1
13321,"(2017, 10, 19)",19/10/2017,20171019,2017,10,19,4,Thursday,12.8,0.0,8.6,16.9,23.0,1.4,6.4,943.9,934.3
14599,"(2017, 10, 20)",20/10/2017,20171020,2017,10,20,5,Friday,15.1,0.0,10.4,19.8,18.0,0.8,6.1,945.5,940.1
12264,"(2017, 10, 21)",21/10/2017,20171021,2017,10,21,6,Saturday,17.0,0.0,12.3,21.8,32.0,1.1,6.7,948.3,944.9
11654,"(2017, 10, 22)",22/10/2017,20171022,2017,10,22,7,Sunday,14.4,0.0,10.8,17.9,4.0,0.8,6.4,950.5,947.3
13360,"(2017, 10, 23)",23/10/2017,20171023,2017,10,23,1,Monday,14.8,0.0,9.0,20.5,3.0,0.6,6.1,948.9,947.0
14636,"(2017, 10, 24)",24/10/2017,20171024,2017,10,24,2,Tuesday,17.6,0.0,11.8,23.3,3.0,0.6,5.8,948.8,946.0
15144,"(2017, 10, 25)",25/10/2017,20171025,2017,10,25,3,Wednesday,17.4,0.0,11.5,23.4,3.0,0.3,4.7,949.0,946.3
15509,"(2017, 10, 26)",26/10/2017,20171026,2017,10,26,4,Thursday,18.8,0.0,13.1,24.5,99.0,0.8,4.7,951.5,948.3
15949,"(2017, 10, 27)",27/10/2017,20171027,2017,10,27,5,Friday,20.7,0.0,14.5,26.9,4.0,3.3,11.1,952.4,949.2
12672,"(2017, 10, 28)",28/10/2017,20171028,2017,10,28,6,Saturday,17.0,0.0,12.0,22.0,4.0,1.4,6.7,949.5,946.0
11031,"(2017, 10, 29)",29/10/2017,20171029,2017,10,29,7,Sunday,15.8,0.0,10.0,21.5,99.0,0.8,8.3,947.0,942.2
14016,"(2017, 10, 30)",30/10/2017,20171030,2017,10,30,1,Monday,14.4,0.0,9.7,19.2,4.0,1.4,8.3,942.5,939.4
15278,"(2017, 10, 31)",31/10/2017,20171031,2017,10,31,2,Tuesday,14.1,0.0,9.9,18.3,2.0,1.1,8.3,944.3,941.4
12140,"(2017, 11, 1)",01/11/2017,20171101,2017,11,1,3,Wednesday,14.4,0.0,10.7,18.0,4.0,1.1,4.4,944.6,941.8
14398,"(2017, 11, 2)",02/11/2017,20171102,2017,11,2,4,Thursday,15.8,0.6,12.5,19.2,20.0,0.8,5.0,942.9,938.9
14801,"(2017, 11, 3)",03/11/2017,20171103,2017,11,3,5,Friday,15.2,3.7,11.8,18.6,17.0,0.8,6.1,938.9,935.0
9947,"(2017, 11, 4)",04/11/2017,20171104,2017,11,4,6,Saturday,12.8,0.2,11.0,14.6,20.0,0.8,6.1,939.6,934.0
9954,"(2017, 11, 5)",05/11/2017,20171105,2017,11,5,7,Sunday,12.0,0.0,9.0,14.9,6.0,1.7,7.5,946.4,939.6
12508,"(2017, 11, 6)",06/11/2017,20171106,2017,11,6,1,Monday,9.9,0.0,5.8,14.0,3.0,1.4,8.6,946.4,943.2
13718,"(2017, 11, 7)",07/11/2017,20171107,2017,11,7,2,Tuesday,9.4,0.0,4.0,14.8,3.0,0.6,5.6,943.3,941.5
13382,"(2017, 11, 8)",08/11/2017,20171108,2017,11,8,3,Wednesday,10.2,0.0,6.2,14.3,3.0,0.8,11.4,947.2,943.2
9042,"(2017, 11, 9)",09/11/2017,20171109,2017,11,9,4,Thursday,7.4,0.0,3.3,11.4,1.0,1.9,11.7,949.3,946.1
11846,"(2017, 11, 10)",10/11/2017,20171110,2017,11,10,5,Friday,9.8,0.0,3.6,16.0,1.0,2.5,11.1,951.0,949.2
10121,"(2017, 11, 11)",11/11/2017,20171111,2017,11,11,6,Saturday,11.2,0.0,5.7,16.7,4.0,0.3,4.2,950.9,947.4
9424,"(2017, 11, 12)",12/11/2017,20171112,2017,11,12,7,Sunday,10.8,0.0,5.2,16.3,34.0,0.6,4.7,947.5,942.5
11862,"(2017, 11, 13)",13/11/2017,20171113,2017,11,13,1,Monday,9.6,0.0,5.8,13.3,1.0,2.8,11.7,943.9,941.2
12423,"(2017, 11, 14)",14/11/2017,20171114,2017,11,14,2,Tuesday,8.0,0.0,2.6,13.5,4.0,0.6,6.9,943.4,940.8
12743,"(2017, 11, 15)",15/11/2017,20171115,2017,11,15,3,Wednesday,9.1,0.0,4.6,13.6,4.0,0.6,3.6,943.4,941.6
13205,"(2017, 11, 16)",16/11/2017,20171116,2017,11,16,4,Thursday,10.2,0.0,3.4,17.0,99.0,0.6,2.5,943.8,941.8
13643,"(2017, 11, 17)",17/11/2017,20171117,2017,11,17,5,Friday,11.0,0.0,5.5,16.5,4.0,0.6,3.1,944.2,941.3
11149,"(2017, 11, 18)",18/11/2017,20171118,2017,11,18,6,Saturday,12.4,0.0,7.2,17.5,9.0,0.8,5.8,943.4,941.8
9677,"(2017, 11, 19)",19/11/2017,20171119,2017,11,19,7,Sunday,10.3,0.0,5.0,15.6,5.0,0.3,5.0,944.7,943.0
12175,"(2017, 11, 20)",20/11/2017,20171120,2017,11,20,1,Monday,10.0,0.0,4.5,15.6,3.0,0.3,4.2,947.0,944.5
13141,"(2017, 11, 21)",21/11/2017,20171121,2017,11,21,2,Tuesday,9.6,0.0,4.2,15.0,9.0,0.3,2.8,946.2,942.5
13316,"(2017, 11, 22)",22/11/2017,20171122,2017,11,22,3,Wednesday,9.8,0.0,5.0,14.5,5.0,0.3,3.9,942.5,937.6
13624,"(2017, 11, 23)",23/11/2017,20171123,2017,11,23,4,Thursday,11.4,0.1,7.0,15.7,22.0,0.6,4.4,942.9,938.4
13847,"(2017, 11, 24)",24/11/2017,20171124,2017,11,24,5,Friday,13.0,0.0,10.0,16.1,24.0,0.8,6.4,944.0,942.0
10796,"(2017, 11, 25)",25/11/2017,20171125,2017,11,25,6,Saturday,12.2,0.0,7.8,16.5,4.0,1.7,9.4,947.8,941.8
8988,"(2017, 11, 26)",26/11/2017,20171126,2017,11,26,7,Sunday,7.6,0.0,3.8,11.4,3.0,1.1,8.1,952.2,947.8
11201,"(2017, 11, 27)",27/11/2017,20171127,2017,11,27,1,Monday,5.6,0.0,1.4,9.9,3.0,0.3,4.2,950.8,945.4
8083,"(2017, 11, 28)",28/11/2017,20171128,2017,11,28,2,Tuesday,5.7,4.4,3.0,8.4,14.0,0.0,2.8,945.4,933.5
12255,"(2017, 11, 29)",29/11/2017,20171129,2017,11,29,3,Wednesday,7.8,0.0,4.2,11.4,1.0,2.2,12.2,934.4,930.1
11657,"(2017, 11, 30)",30/11/2017,20171130,2017,11,30,4,Thursday,5.0,0.0,1.5,8.6,2.0,1.9,8.6,942.5,934.2
11175,"(2017, 12, 1)",01/12/2017,20171201,2017,12,1,5,Friday,5.2,0.0,1.4,9.1,34.0,2.8,13.6,944.8,938.3
7875,"(2017, 12, 2)",02/12/2017,20171202,2017,12,2,6,Saturday,3.0,0.0,-0.5,6.5,2.0,1.1,11.4,945.8,944.2
7101,"(2017, 12, 3)",03/12/2017,20171203,2017,12,3,7,Sunday,4.2,0.0,0.0,8.5,2.0,0.6,7.5,952.4,945.8
9950,"(2017, 12, 4)",04/12/2017,20171204,2017,12,4,1,Monday,4.9,0.0,0.0,9.8,99.0,0.3,5.0,956.0,952.2
10643,"(2017, 12, 5)",05/12/2017,20171205,2017,12,5,2,Tuesday,5.4,0.0,0.5,10.2,4.0,0.0,4.7,956.8,954.8
7428,"(2017, 12, 6)",06/12/2017,20171206,2017,12,6,3,Wednesday,4.1,0.0,-0.8,9.0,9.0,0.3,2.8,955.6,952.5
8424,"(2017, 12, 7)",07/12/2017,20171207,2017,12,7,4,Thursday,5.0,0.0,0.6,9.5,16.0,0.3,2.8,952.8,950.9
6360,"(2017, 12, 8)",08/12/2017,20171208,2017,12,8,5,Friday,6.8,0.0,2.5,11.2,18.0,0.0,1.9,950.9,946.5
7056,"(2017, 12, 9)",09/12/2017,20171209,2017,12,9,6,Saturday,9.0,0.0,4.7,13.2,26.0,0.3,6.4,947.2,944.5
5461,"(2017, 12, 10)",10/12/2017,20171210,2017,12,10,7,Sunday,10.1,11.9,8.7,11.5,23.0,4.2,14.4,945.6,919.6
8711,"(2017, 12, 11)",11/12/2017,20171211,2017,12,11,1,Monday,7.2,0.0,4.3,10.2,24.0,3.1,15.3,930.0,917.1
10543,"(2017, 12, 12)",12/12/2017,20171212,2017,12,12,2,Tuesday,4.6,0.0,0.5,8.7,7.0,0.6,7.8,946.5,930.0
10678,"(2017, 12, 13)",13/12/2017,20171213,2017,12,13,3,Wednesday,4.2,0.0,-0.3,8.6,24.0,0.6,6.7,950.3,943.5
11174,"(2017, 12, 14)",14/12/2017,20171214,2017,12,14,4,Thursday,7.2,0.0,3.8,10.6,99.0,1.4,10.0,944.3,937.0
11628,"(2017, 12, 15)",15/12/2017,20171215,2017,12,15,5,Friday,8.4,0.0,4.2,12.5,32.0,1.9,12.8,938.2,932.7
9373,"(2017, 12, 16)",16/12/2017,20171216,2017,12,16,6,Saturday,5.8,0.0,2.0,9.7,4.0,2.2,10.3,948.3,938.2
8249,"(2017, 12, 17)",17/12/2017,20171217,2017,12,17,7,Sunday,5.6,0.0,1.5,9.7,4.0,1.7,8.3,954.0,948.3
10161,"(2017, 12, 18)",18/12/2017,20171218,2017,12,18,1,Monday,5.4,0.0,0.4,10.4,99.0,0.0,3.6,953.3,947.3
11360,"(2017, 12, 19)",19/12/2017,20171219,2017,12,19,2,Tuesday,8.0,0.0,4.3,11.6,2.0,0.8,8.6,953.0,946.7
11732,"(2017, 12, 20)",20/12/2017,20171220,2017,12,20,3,Wednesday,6.8,0.0,1.8,11.7,36.0,1.1,5.8,954.2,951.6
11927,"(2017, 12, 21)",21/12/2017,20171221,2017,12,21,4,Thursday,7.2,0.0,3.0,11.5,36.0,1.1,6.1,958.8,953.9
11282,"(2017, 12, 22)",22/12/2017,20171222,2017,12,22,5,Friday,7.5,0.0,2.3,12.7,36.0,1.1,5.6,958.8,954.8
7918,"(2017, 12, 23)",23/12/2017,20171223,2017,12,23,6,Saturday,7.6,0.0,2.5,12.7,36.0,2.8,8.3,955.7,953.8
5166,"(2017, 12, 24)",24/12/2017,20171224,2017,12,24,7,Sunday,7.5,0.0,4.5,10.5,36.0,1.7,4.4,955.7,950.0
3004,"(2017, 12, 25)",25/12/2017,20171225,2017,12,25,1,Monday,4.0,1.9,2.4,5.6,36.0,1.1,3.9,950.0,943.0
5871,"(2017, 12, 26)",26/12/2017,20171226,2017,12,26,2,Tuesday,5.3,2.8,3.4,7.2,88.0,2.8,12.8,943.0,931.8
7211,"(2017, 12, 27)",27/12/2017,20171227,2017,12,27,3,Wednesday,8.1,0.0,5.6,10.6,88.0,5.0,12.8,935.8,928.8
8435,"(2017, 12, 28)",28/12/2017,20171228,2017,12,28,4,Thursday,10.2,0.0,6.0,14.5,99.0,2.5,11.1,939.6,934.0
8874,"(2017, 12, 29)",29/12/2017,20171229,2017,12,29,5,Friday,11.8,0.0,7.5,16.0,28.0,3.1,10.8,948.8,939.6
6942,"(2017, 12, 30)",30/12/2017,20171230,2017,12,30,6,Saturday,11.2,0.0,6.8,15.5,26.0,1.9,6.9,950.4,948.5
4822,"(2017, 12, 31)",31/12/2017,20171231,2017,12,31,7,Sunday,9.2,0.8,6.7,11.6,24.0,2.8,13.9,951.9,944.3
4542,"(2018, 1, 1)",01/01/2018,20180101,2018,1,1,1,Monday,7.6,0.0,3.6,11.6,27.0,3.1,10.0,954.3,950.7
7821,"(2018, 1, 2)",02/01/2018,20180102,2018,1,2,2,Tuesday,10.4,0.0,7.5,13.4,29.0,2.5,11.4,954.3,952.2
9266,"(2018, 1, 3)",03/01/2018,20180103,2018,1,3,3,Wednesday,10.6,0.0,7.6,13.5,22.0,1.7,8.6,955.4,952.3
9639,"(2018, 1, 4)",04/01/2018,20180104,2018,1,4,4,Thursday,10.8,0.0,7.8,13.7,99.0,2.2,7.8,953.3,943.7
6965,"(2018, 1, 5)",05/01/2018,20180105,2018,1,5,5,Friday,8.6,14.1,5.8,11.5,22.0,3.1,11.7,943.7,926.1
2117,"(2018, 1, 6)",06/01/2018,20180106,2018,1,6,6,Saturday,4.0,20.6,2.0,6.1,3.0,2.5,10.8,926.1,920.0
3231,"(2018, 1, 7)",07/01/2018,20180107,2018,1,7,7,Sunday,3.3,3.1,1.6,5.0,12.0,2.8,7.5,929.5,919.5
9205,"(2018, 1, 8)",08/01/2018,20180108,2018,1,8,1,Monday,3.8,0.0,0.7,7.0,4.0,1.4,7.2,937.8,929.3
7380,"(2018, 1, 9)",09/01/2018,20180109,2018,1,9,2,Tuesday,1.6,2.3,-1.4,4.7,19.0,1.4,4.7,941.6,937.2
8432,"(2018, 1, 10)",10/01/2018,20180110,2018,1,10,3,Wednesday,5.1,0.8,3.2,7.0,23.0,2.2,9.4,943.0,939.5
10544,"(2018, 1, 11)",11/01/2018,20180111,2018,1,11,4,Thursday,5.8,0.0,2.9,8.8,30.0,3.3,12.8,946.6,942.6
10810,"(2018, 1, 12)",12/01/2018,20180112,2018,1,12,5,Friday,3.8,0.0,-0.3,7.9,28.0,1.7,6.4,947.8,944.3
5168,"(2018, 1, 13)",13/01/2018,20180113,2018,1,13,6,Saturday,4.0,6.0,2.4,5.6,26.0,1.1,7.2,944.5,939.0
6478,"(2018, 1, 14)",14/01/2018,20180114,2018,1,14,7,Sunday,4.6,0.0,2.5,6.7,3.0,1.7,6.1,944.4,939.8
9252,"(2018, 1, 15)",15/01/2018,20180115,2018,1,15,1,Monday,4.2,0.0,0.0,8.5,22.0,1.1,6.4,949.9,944.4
10407,"(2018, 1, 16)",16/01/2018,20180116,2018,1,16,2,Tuesday,7.2,0.0,2.0,12.5,26.0,1.1,6.4,951.2,947.8
10724,"(2018, 1, 17)",17/01/2018,20180117,2018,1,17,3,Wednesday,9.0,0.0,4.8,13.2,30.0,2.2,8.6,948.8,945.9
11295,"(2018, 1, 18)",18/01/2018,20180118,2018,1,18,4,Thursday,7.8,0.0,2.7,12.8,3.0,1.4,5.3,948.4,943.1
11565,"(2018, 1, 19)",19/01/2018,20180119,2018,1,19,5,Friday,8.9,0.0,3.0,14.8,4.0,1.4,5.3,947.4,942.0
8594,"(2018, 1, 20)",20/01/2018,20180120,2018,1,20,6,Saturday,7.9,0.0,3.8,12.0,28.0,1.9,7.8,949.6,947.2
8527,"(2018, 1, 21)",21/01/2018,20180121,2018,1,21,7,Sunday,11.0,0.0,5.8,16.2,33.0,1.1,8.3,951.8,949.6
10550,"(2018, 1, 22)",22/01/2018,20180122,2018,1,22,1,Monday,9.7,0.0,5.3,14.1,99.0,0.6,5.8,951.2,948.9
11356,"(2018, 1, 23)",23/01/2018,20180123,2018,1,23,2,Tuesday,10.0,0.0,4.2,15.7,3.0,0.8,6.1,950.8,948.5
11727,"(2018, 1, 24)",24/01/2018,20180124,2018,1,24,3,Wednesday,9.1,0.0,4.7,13.5,4.0,1.4,5.0,950.1,946.5
7678,"(2018, 1, 25)",25/01/2018,20180125,2018,1,25,4,Thursday,6.8,3.5,4.6,8.9,36.0,1.9,12.8,946.8,938.5
10397,"(2018, 1, 26)",26/01/2018,20180126,2018,1,26,5,Friday,5.9,0.0,2.6,9.2,19.0,3.9,13.9,948.9,939.5
7722,"(2018, 1, 27)",27/01/2018,20180127,2018,1,27,6,Saturday,6.9,0.0,3.8,10.0,4.0,3.3,12.5,953.6,948.4
7148,"(2018, 1, 28)",28/01/2018,20180128,2018,1,28,7,Sunday,8.4,0.0,3.5,13.4,4.0,4.7,15.0,958.0,952.3
10166,"(2018, 1, 29)",29/01/2018,20180129,2018,1,29,1,Monday,9.2,0.0,5.2,13.1,2.0,1.9,6.7,957.8,952.3
10742,"(2018, 1, 30)",30/01/2018,20180130,2018,1,30,2,Tuesday,8.2,0.0,4.0,12.5,3.0,1.4,5.6,953.4,947.5
11306,"(2018, 1, 31)",31/01/2018,20180131,2018,1,31,3,Wednesday,7.6,0.0,2.5,12.6,3.0,1.1,4.2,948.9,940.1
10085,"(2018, 2, 1)",01/02/2018,20180201,2018,2,1,4,Thursday,6.6,0.1,2.3,10.8,34.0,2.8,13.3,940.1,929.5
10063,"(2018, 2, 2)",02/02/2018,20180202,2018,2,2,5,Friday,4.4,0.0,1.2,7.7,99.0,3.6,13.3,940.5,931.0
7681,"(2018, 2, 3)",03/02/2018,20180203,2018,2,3,6,Saturday,5.2,2.3,0.2,10.3,28.0,3.1,11.1,942.0,935.1
2487,"(2018, 2, 4)",04/02/2018,20180204,2018,2,4,7,Sunday,3.6,17.3,1.5,5.8,4.0,3.6,10.8,935.1,929.9
3349,"(2018, 2, 5)",05/02/2018,20180205,2018,2,5,1,Monday,1.8,14.1,0.8,2.8,6.0,3.9,9.4,930.9,927.5
8598,"(2018, 2, 6)",06/02/2018,20180206,2018,2,6,2,Tuesday,4.1,0.0,1.2,7.0,1.0,3.1,12.5,934.8,930.0
9007,"(2018, 2, 7)",07/02/2018,20180207,2018,2,7,3,Wednesday,3.0,0.0,-1.6,7.5,3.0,2.8,9.2,940.5,934.8
9283,"(2018, 2, 8)",08/02/2018,20180208,2018,2,8,4,Thursday,3.0,0.0,-1.0,7.0,5.0,2.8,8.3,942.1,939.9
9523,"(2018, 2, 9)",09/02/2018,20180209,2018,2,9,5,Friday,3.3,0.0,-1.9,8.5,1.0,1.1,10.0,944.2,941.3
7199,"(2018, 2, 10)",10/02/2018,20180210,2018,2,10,6,Saturday,5.7,0.0,2.3,9.1,2.0,2.2,10.8,944.8,942.2
7031,"(2018, 2, 11)",11/02/2018,20180211,2018,2,11,7,Sunday,7.5,0.1,0.7,14.3,28.0,3.1,11.7,944.7,940.6
9176,"(2018, 2, 12)",12/02/2018,20180212,2018,2,12,1,Monday,6.8,0.0,2.5,11.1,34.0,1.7,9.7,943.4,940.0
9689,"(2018, 2, 13)",13/02/2018,20180213,2018,2,13,2,Tuesday,4.7,0.0,-0.8,10.2,26.0,3.6,13.6,943.4,940.0
10377,"(2018, 2, 14)",14/02/2018,20180214,2018,2,14,3,Wednesday,8.2,0.0,5.8,10.5,27.0,3.1,11.4,944.7,941.0
10257,"(2018, 2, 15)",15/02/2018,20180215,2018,2,15,4,Thursday,8.4,0.0,6.0,10.9,25.0,1.4,7.2,948.5,944.7
10929,"(2018, 2, 16)",16/02/2018,20180216,2018,2,16,5,Friday,10.7,0.0,6.8,14.6,24.0,1.7,5.0,948.0,943.4
8362,"(2018, 2, 17)",17/02/2018,20180217,2018,2,17,6,Saturday,10.7,0.0,6.7,14.7,5.0,1.4,10.6,946.8,943.8
7912,"(2018, 2, 18)",18/02/2018,20180218,2018,2,18,7,Sunday,8.0,0.0,2.6,13.4,99.0,2.8,8.3,946.4,942.5
10032,"(2018, 2, 19)",19/02/2018,20180219,2018,2,19,1,Monday,10.8,0.0,6.5,15.0,3.0,2.2,10.0,943.1,940.3
11047,"(2018, 2, 20)",20/02/2018,20180220,2018,2,20,2,Tuesday,10.9,0.0,7.3,14.5,3.0,3.6,12.8,941.3,937.6
10540,"(2018, 2, 21)",21/02/2018,20180221,2018,2,21,3,Wednesday,7.6,0.0,3.2,12.0,2.0,4.2,13.9,937.6,931.6
10406,"(2018, 2, 22)",22/02/2018,20180222,2018,2,22,4,Thursday,5.4,0.0,-0.5,11.3,5.0,2.8,10.3,933.8,929.5
10775,"(2018, 2, 23)",23/02/2018,20180223,2018,2,23,5,Friday,4.3,0.0,-1.3,9.9,10.0,1.4,11.1,930.8,927.7
8186,"(2018, 2, 24)",24/02/2018,20180224,2018,2,24,6,Saturday,5.4,0.0,-0.3,11.0,17.0,1.4,5.8,931.6,928.4
7912,"(2018, 2, 25)",25/02/2018,20180225,2018,2,25,7,Sunday,6.8,0.0,0.0,13.5,23.0,1.4,5.6,935.8,931.4
10649,"(2018, 2, 26)",26/02/2018,20180226,2018,2,26,1,Monday,8.8,0.0,1.7,16.0,8.0,1.1,10.3,935.1,925.0
5467,"(2018, 2, 27)",27/02/2018,20180227,2018,2,27,2,Tuesday,3.6,19.9,1.5,5.6,4.0,1.7,11.1,927.6,924.4
4148,"(2018, 2, 28)",28/02/2018,20180228,2018,2,28,3,Wednesday,7.8,19.2,3.6,12.0,21.0,1.9,14.2,924.4,915.0
3860,"(2018, 3, 1)",01/03/2018,20180301,2018,3,1,4,Thursday,8.4,17.3,5.4,11.5,25.0,4.2,23.3,942.6691363940394,938.475342483032
4284,"(2018, 3, 2)",02/03/2018,20180302,2018,3,2,5,Friday,6.4,15.3,4.2,8.5,22.0,1.9,13.1,942.2148687138111,938.0210748028044
5621,"(2018, 3, 3)",03/03/2018,20180303,2018,3,3,6,Saturday,9.4,13.8,5.3,13.4,26.0,3.6,13.6,943.5502357661207,939.356441855114
6266,"(2018, 3, 4)",04/03/2018,20180304,2018,3,4,7,Sunday,9.2,4.9,5.4,13.0,17.0,2.5,10.6,943.3101881786928,939.1163942676857
6973,"(2018, 3, 5)",05/03/2018,20180305,2018,3,5,1,Monday,7.4,2.1,5.8,8.9,30.0,3.6,10.6,941.2834802006239,937.0896862896167
8648,"(2018, 3, 6)",06/03/2018,20180306,2018,3,6,2,Tuesday,7.4,1.0,4.2,10.7,28.0,3.1,11.9,943.1540889513484,938.9602950403413
10646,"(2018, 3, 7)",07/03/2018,20180307,2018,3,7,3,Wednesday,6.8,2.6,2.5,11.0,23.0,2.2,8.3,944.4539636504228,940.2601697394156
10661,"(2018, 3, 8)",08/03/2018,20180308,2018,3,8,4,Thursday,7.7,1.0,4.5,10.9,17.0,1.7,5.8,943.0331361139309,938.8393422029241
5529,"(2018, 3, 9)",09/03/2018,20180309,2018,3,9,5,Friday,10.5,11.9,9.4,11.6,16.0,3.1,11.1,939.9564905233348,935.7626966123275
4495,"(2018, 3, 10)",10/03/2018,20180310,2018,3,10,6,Saturday,9.7,23.7,7.5,11.9,23.0,2.8,11.9,941.3935770654953,937.1997831544884
5080,"(2018, 3, 11)",11/03/2018,20180311,2018,3,11,7,Sunday,8.2,1.1,6.0,10.5,28.0,5.0,17.5,941.8286113981572,937.6348174871499
9634,"(2018, 3, 12)",12/03/2018,20180312,2018,3,12,1,Monday,9.8,1.5,6.5,13.2,23.0,3.9,13.3,942.6375349498293,938.4437410388222
10482,"(2018, 3, 13)",13/03/2018,20180313,2018,3,13,2,Tuesday,10.3,0.3,6.6,14.0,23.0,2.2,9.2,942.9106711524157,938.7168772414087
3874,"(2018, 3, 14)",14/03/2018,20180314,2018,3,14,3,Wednesday,9.8,22.9,6.6,13.1,20.0,3.1,13.1,942.5259259608597,938.3321320498526
9972,"(2018, 3, 15)",15/03/2018,20180315,2018,3,15,4,Thursday,8.9,0.1,6.2,11.6,99.0,5.0,13.6,942.1610096738393,937.9672157628322
8861,"(2018, 3, 16)",16/03/2018,20180316,2018,3,16,5,Friday,8.2,3.2,4.6,11.7,36.0,3.3,10.8,943.3062723165176,939.1124784055107
5840,"(2018, 3, 17)",17/03/2018,20180317,2018,3,17,6,Saturday,6.2,7.3,3.0,9.5,36.0,2.8,11.1,943.4681704465927,939.2743765355858
7137,"(2018, 3, 18)",18/03/2018,20180318,2018,3,18,7,Sunday,8.4,0.0,4.0,12.8,88.0,3.3,10.3,944.189229776006,939.995435864999
6722,"(2018, 3, 19)",19/03/2018,20180319,2018,3,19,1,Monday,6.7,4.2,3.8,9.6,36.0,3.3,15.6,942.9600437263928,938.766249815386
9011,"(2018, 3, 20)",20/03/2018,20180320,2018,3,20,2,Tuesday,6.3,1.2934338501407296,2.6,10.0,88.0,5.3,15.8,943.9576094698973,939.7638155588901
9653,"(2018, 3, 21)",21/03/2018,20180321,2018,3,21,3,Wednesday,7.3,0.0,2.4,12.2,36.0,4.2,13.6,945.0351827581607,940.8413888471538
10373,"(2018, 3, 22)",22/03/2018,20180322,2018,3,22,4,Thursday,6.6,0.0,-0.3,13.5,36.0,2.2,6.4,947.45057674311,943.2567828321032
7952,"(2018, 3, 23)",23/03/2018,20180323,2018,3,23,5,Friday,9.4,3.5,4.5,14.2,27.0,3.1,15.6,944.4431076778767,940.2493137668699
5592,"(2018, 3, 24)",24/03/2018,20180324,2018,3,24,6,Saturday,7.6,0.0,4.0,11.3,31.0,6.1,20.3,943.5481779913524,939.3543840803453
5799,"(2018, 3, 25)",25/03/2018,20180325,2018,3,25,7,Sunday,9.6,0.0,5.2,13.9,29.0,2.5,8.9,943.8327158171553,939.6389219061484
8346,"(2018, 3, 26)",26/03/2018,20180326,2018,3,26,1,Monday,9.6,0.0,3.6,15.5,33.0,1.9,6.1,945.6184596406674,941.4246657296603
9201,"(2018, 3, 27)",27/03/2018,20180327,2018,3,27,2,Tuesday,14.6,0.0,8.5,20.6,27.0,1.9,9.7,944.4213957327852,940.2276018217784
8537,"(2018, 3, 28)",28/03/2018,20180328,2018,3,28,3,Wednesday,15.0,0.0,9.2,20.8,26.0,3.3,12.2,944.0243073977347,939.830513486728
5263,"(2018, 3, 29)",29/03/2018,20180329,2018,3,29,4,Thursday,12.2,0.8,8.5,15.8,26.0,4.2,14.7,942.3709429880059,938.1771490769991
4043,"(2018, 3, 30)",30/03/2018,20180330,2018,3,30,5,Friday,7.8,2.2,4.0,11.7,25.0,4.2,17.5,943.7190490534172,939.5252551424104
4637,"(2018, 3, 31)",31/03/2018,20180331,2018,3,31,6,Saturday,8.8,0.0,3.2,14.5,26.0,2.8,12.2,945.4662762754981,941.2724823644912
5882,"(2018, 4, 1)",01/04/2018,20180401,2018,4,1,7,Sunday,11.4,0.0,5.4,17.5,12.0,1.4,7.5,940.8,933.9
10262,"(2018, 4, 2)",02/04/2018,20180402,2018,4,2,1,Monday,14.4,5.3,9.4,19.4,24.0,3.3,11.7,933.9,928.8
10265,"(2018, 4, 3)",03/04/2018,20180403,2018,4,3,2,Tuesday,12.3,0.0,8.4,16.2,22.0,4.4,15.3,932.3,930.0
11060,"(2018, 4, 4)",04/04/2018,20180404,2018,4,4,3,Wednesday,11.7,0.0,7.4,16.0,25.0,4.7,15.3,942.1,932.3
12217,"(2018, 4, 5)",05/04/2018,20180405,2018,4,5,4,Thursday,12.3,0.0,6.0,18.6,5.0,1.1,5.8,943.0,936.9
9536,"(2018, 4, 6)",06/04/2018,20180406,2018,4,6,5,Friday,13.6,7.4,9.8,17.5,6.0,0.8,10.0,936.9,929.0
6158,"(2018, 4, 7)",07/04/2018,20180407,2018,4,7,6,Saturday,9.4,4.1,7.4,11.4,26.918287550183774,2.977046490462783,12.156026185764064,931.2,928.7
8452,"(2018, 4, 8)",08/04/2018,20180408,2018,4,8,7,Sunday,10.4,2.5,5.2,15.5,23.634016553141013,2.3735071803369863,10.898318907879457,931.4,929.5
7989,"(2018, 4, 9)",09/04/2018,20180409,2018,4,9,1,Monday,6.8,2.7,4.7,9.0,28.74777879772137,2.9301711660428817,11.899320840903895,931.2,928.7
3808,"(2018, 4, 10)",10/04/2018,20180410,2018,4,10,2,Tuesday,5.4,17.6,3.1,7.6,25.37005349223909,3.4167067261994934,15.539669116357802,930.4,917.6
9822,"(2018, 4, 11)",11/04/2018,20180411,2018,4,11,3,Wednesday,7.0,0.0,3.1,11.0,31.172217532061037,3.1992154710715117,13.277680513250516,926.7,920.0
8178,"(2018, 4, 12)",12/04/2018,20180412,2018,4,12,4,Thursday,8.4,7.4,5.3,11.4,25.452817097086157,3.1179967483703024,13.572115459354448,938.5,924.5
9828,"(2018, 4, 13)",13/04/2018,20180413,2018,4,13,5,Friday,9.8,4.8,5.2,14.3,24.825660970447647,2.8603351086730697,12.808886456970868,935.4,924.6
9023,"(2018, 4, 14)",14/04/2018,20180414,2018,4,14,6,Saturday,10.8,0.2,5.2,16.5,23.660170071882018,2.081051371135686,9.749333174597496,939.5,935.4
8408,"(2018, 4, 15)",15/04/2018,20180415,2018,4,15,7,Sunday,13.3,14.3,8.6,18.0,17.86604591935793,2.173266551417484,11.300044243491698,940.6,934.7
11046,"(2018, 4, 16)",16/04/2018,20180416,2018,4,16,1,Monday,12.3,0.0,7.0,17.6,22.30297824213176,2.1766162183782285,9.97129013329652,944.7,936.4
12664,"(2018, 4, 17)",17/04/2018,20180417,2018,4,17,2,Tuesday,14.6,0.0,7.6,21.6,17.619551825023336,1.3690696917076082,7.525581283309633,947.2,944.7
14128,"(2018, 4, 18)",18/04/2018,20180418,2018,4,18,3,Wednesday,18.4,0.0,12.2,24.7,19.053195787157165,1.9,8.741821282301999,947.0,944.5
14063,"(2018, 4, 19)",19/04/2018,20180419,2018,4,19,4,Thursday,18.1,0.0,12.2,24.0,15.0,2.8,9.2,946.8,942.6
13462,"(2018, 4, 20)",20/04/2018,20180420,2018,4,20,5,Friday,17.4,0.0,12.3,22.5,16.0,3.3,12.2,944.3,940.8
10184,"(2018, 4, 21)",21/04/2018,20180421,2018,4,21,6,Saturday,15.7,0.0,11.6,19.8,3.0,2.5,9.2,943.1,939.5
10315,"(2018, 4, 22)",22/04/2018,20180422,2018,4,22,7,Sunday,18.0,1.3528951410584682,13.0,22.9,10.0,1.9,7.8,941.2,937.0
12383,"(2018, 4, 23)",23/04/2018,20180423,2018,4,23,1,Monday,19.4,0.0,14.4,24.3,8.0,2.5,9.2,942.0,940.5
13947,"(2018, 4, 24)",24/04/2018,20180424,2018,4,24,2,Tuesday,20.5,0.0,14.6,26.4,10.0,1.4,7.8,941.4,939.1
14908,"(2018, 4, 25)",25/04/2018,20180425,2018,4,25,3,Wednesday,20.8,0.0,13.1,28.5,4.0,2.2,10.8,941.6,937.2
14589,"(2018, 4, 26)",26/04/2018,20180426,2018,4,26,4,Thursday,20.2,0.0,14.0,26.5,22.0,2.5,8.3,941.6,937.1
13713,"(2018, 4, 27)",27/04/2018,20180427,2018,4,27,5,Friday,19.4,0.0,14.3,24.4,26.0,2.5,10.3,937.2,933.9
8275,"(2018, 4, 28)",28/04/2018,20180428,2018,4,28,6,Saturday,14.4,6.2,10.2,18.7,22.0,3.6,11.9,935.1,930.1
4475,"(2018, 4, 29)",29/04/2018,20180429,2018,4,29,7,Sunday,8.3,3.8,4.0,12.6,24.0,4.4,14.4,937.0,928.3
6691,"(2018, 4, 30)",30/04/2018,20180430,2018,4,30,1,Monday,8.2,2.5,4.0,12.5,31.0,0.8,7.8,938.2,936.2
6617,"(2018, 5, 1)",01/05/2018,20180501,2018,5,1,2,Tuesday,10.7,0.0,5.5,15.9,8.0,0.8,6.7,938.9,936.2
8298,"(2018, 5, 2)",02/05/2018,20180502,2018,5,2,3,Wednesday,12.1,0.0,6.4,17.8,26.0,1.4,8.3,938.5,936.4
12308,"(2018, 5, 3)",03/05/2018,20180503,2018,5,3,4,Thursday,14.4,0.0,9.3,19.4,2.0,1.9,11.4,938.5,935.7
12826,"(2018, 5, 4)",04/05/2018,20180504,2018,5,4,5,Friday,14.0,0.0,7.5,20.5,4.0,2.2,11.1,938.8,936.3
10450,"(2018, 5, 5)",05/05/2018,20180505,2018,5,5,6,Saturday,17.1,1.1312913518499386,9.9,24.3,12.0,1.7,13.3,940.9,937.2
9743,"(2018, 5, 6)",06/05/2018,20180506,2018,5,6,7,Sunday,18.4,1.5,12.8,24.0,8.0,1.7,12.8,942.1,937.6
11579,"(2018, 5, 7)",07/05/2018,20180507,2018,5,7,1,Monday,17.6,13.5,12.4,22.7,9.0,1.4,16.7,940.6,936.4
12974,"(2018, 5, 8)",08/05/2018,20180508,2018,5,8,2,Tuesday,18.8,0.2,12.5,25.2,8.0,1.1,7.8,937.1,933.9
14166,"(2018, 5, 9)",09/05/2018,20180509,2018,5,9,3,Wednesday,19.1,0.0,13.2,25.0,31.0,1.9,7.8,935.6,933.2
14948,"(2018, 5, 10)",10/05/2018,20180510,2018,5,10,4,Thursday,18.7,0.0,13.5,23.9,3.0,2.5,10.3,939.5,934.8
14022,"(2018, 5, 11)",11/05/2018,20180511,2018,5,11,5,Friday,19.2,0.0,13.3,25.1,26.0,2.2,8.6,941.2,938.0
9733,"(2018, 5, 12)",12/05/2018,20180512,2018,5,12,6,Saturday,15.4,0.0,10.5,20.2,31.0,3.1,11.1,941.4,937.4
8688,"(2018, 5, 13)",13/05/2018,20180513,2018,5,13,7,Sunday,11.8,0.0,6.0,17.5,26.0,2.5,10.3,943.9,941.4
11650,"(2018, 5, 14)",14/05/2018,20180514,2018,5,14,1,Monday,14.9,0.0,10.4,19.4,7.0,1.7,10.0,943.7,940.2
10575,"(2018, 5, 15)",15/05/2018,20180515,2018,5,15,2,Tuesday,15.8,0.0,8.0,23.5,4.0,1.9,12.2,942.1,938.0
14069,"(2018, 5, 16)",16/05/2018,20180516,2018,5,16,3,Wednesday,18.4,0.0,11.8,25.0,4.0,2.2,11.4,940.0,936.1
14449,"(2018, 5, 17)",17/05/2018,20180517,2018,5,17,4,Thursday,20.0,2.227062651169149,14.8,25.3,1.0,1.1,9.4,938.6,935.4
12930,"(2018, 5, 18)",18/05/2018,20180518,2018,5,18,5,Friday,18.7,0.7,14.2,23.2,19.0,0.8,9.7,940.2,937.2
10806,"(2018, 5, 19)",19/05/2018,20180519,2018,5,19,6,Saturday,19.5,0.1,13.6,25.4,4.0,0.6,11.1,941.1,937.3
10051,"(2018, 5, 20)",20/05/2018,20180520,2018,5,20,7,Sunday,17.9,0.0,13.3,22.5,3.0,1.1,12.8,939.6,934.4
12940,"(2018, 5, 21)",21/05/2018,20180521,2018,5,21,1,Monday,19.0,5.6,13.6,24.3,3.0,0.8,9.4,936.8,933.4
13377,"(2018, 5, 22)",22/05/2018,20180522,2018,5,22,2,Tuesday,18.6,0.1,12.6,24.6,33.0,0.0,6.1,939.0,936.2
13981,"(2018, 5, 23)",23/05/2018,20180523,2018,5,23,3,Wednesday,20.8,0.3,15.3,26.3,23.0,1.4,15.3,940.1,937.3
14245,"(2018, 5, 24)",24/05/2018,20180524,2018,5,24,4,Thursday,21.7,28.9,15.7,27.7,9.521468741350873,1.945605861076928,12.459822138653864,939.4,933.5
25,"(2018, 5, 25)",25/05/2018,20180525,2018,5,25,5,Friday,15.8,8.9,12.0,19.5,18.256342316814877,2.3372721079491043,10.809927108852776,938.5,935.1
1,"(2018, 5, 29)",29/05/2018,20180529,2018,5,29,2,Tuesday,16.2,1.0,12.6,19.9,22.60007680853414,2.4713585128505144,10.318047864294613,937.9,935.7
12,"(2018, 5, 30)",30/05/2018,20180530,2018,5,30,3,Wednesday,14.8,0.2,11.0,18.6,21.98265103392441,2.3970725497621146,10.022318544050222,939.0,936.0
12867,"(2018, 5, 31)",31/05/2018,20180531,2018,5,31,4,Thursday,17.8,0.0,12.5,23.1,19.195460625646774,2.0187703774323893,9.116690130989582,941.1,939.0
13938,"(2018, 6, 1)",01/06/2018,20180601,2018,6,1,5,Friday,18.7,2.3,13.6,23.8,20.608642047391182,1.982501072734536,9.631941314706637,941.7,937.9
8397,"(2018, 6, 2)",02/06/2018,20180602,2018,6,2,6,Saturday,18.2,3.9,12.8,23.5,24.0,1.9,11.7,941.1,939.1
10507,"(2018, 6, 3)",03/06/2018,20180603,2018,6,3,7,Sunday,17.8,0.0,11.7,23.8,26.0,2.2,10.8,940.2,936.3
13323,"(2018, 6, 4)",04/06/2018,20180604,2018,6,4,1,Monday,16.2,0.0,12.4,20.0,22.0,3.1,10.0,938.0,936.0
13663,"(2018, 6, 5)",05/06/2018,20180605,2018,6,5,2,Tuesday,15.9,2.4,12.0,19.8,28.0,1.7,8.3,936.9,935.1
12083,"(2018, 6, 6)",06/06/2018,20180606,2018,6,6,3,Wednesday,15.0,3.5,10.5,19.6,32.0,1.7,8.6,940.2,935.4
14884,"(2018, 6, 7)",07/06/2018,20180607,2018,6,7,4,Thursday,17.7,2.8,12.0,23.4,26.0,2.5,8.9,940.8,938.8
8779,"(2018, 6, 8)",08/06/2018,20180608,2018,6,8,5,Friday,15.4,2.8,12.2,18.6,23.0,2.2,8.9,939.0,931.1
10001,"(2018, 6, 9)",09/06/2018,20180609,2018,6,9,6,Saturday,16.2,0.5,11.7,20.7,26.0,1.9,10.0,937.9,936.0
9051,"(2018, 6, 10)",10/06/2018,20180610,2018,6,10,7,Sunday,15.3,0.0,11.2,19.4,23.0,1.9,8.6,937.9,934.8
12671,"(2018, 6, 11)",11/06/2018,20180611,2018,6,11,1,Monday,16.8,1.5904430671521936,12.5,21.0,26.0,2.5,8.3,938.0,936.2
14116,"(2018, 6, 12)",12/06/2018,20180612,2018,6,12,2,Tuesday,18.6,0.0,13.0,24.3,3.0,1.9,8.1,941.5,937.5
14807,"(2018, 6, 13)",13/06/2018,20180613,2018,6,13,3,Wednesday,19.6,0.0,13.7,25.5,99.0,2.5,8.9,942.4,939.4
14716,"(2018, 6, 14)",14/06/2018,20180614,2018,6,14,4,Thursday,19.8,0.0,12.7,27.0,35.0,1.7,8.3,941.2,938.7
14654,"(2018, 6, 15)",15/06/2018,20180615,2018,6,15,5,Friday,23.0,0.0,15.3,30.7,10.0,1.4,9.4,940.9,937.1
10564,"(2018, 6, 16)",16/06/2018,20180616,2018,6,16,6,Saturday,24.6,0.0,18.0,31.1,5.0,1.9,8.9,941.1,938.5
9654,"(2018, 6, 17)",17/06/2018,20180617,2018,6,17,7,Sunday,25.1,0.0,17.9,32.3,3.0,3.1,10.0,946.2,941.1
13673,"(2018, 6, 18)",18/06/2018,20180618,2018,6,18,1,Monday,24.8,0.0,17.6,32.1,6.0,2.5,10.3,945.9,942.1
15071,"(2018, 6, 19)",19/06/2018,20180619,2018,6,19,2,Tuesday,24.9,0.0,17.3,32.5,5.0,1.7,10.3,944.0,940.4
15855,"(2018, 6, 20)",20/06/2018,20180620,2018,6,20,3,Wednesday,26.6,0.0,20.2,33.0,13.0,1.7,8.9,943.1,939.1
15767,"(2018, 6, 21)",21/06/2018,20180621,2018,6,21,4,Thursday,26.9,0.0,20.5,33.3,10.0,1.7,6.9,943.0,939.8
14987,"(2018, 6, 22)",22/06/2018,20180622,2018,6,22,5,Friday,27.7,0.0,21.6,33.8,6.0,1.7,8.3,942.4,938.7
10570,"(2018, 6, 23)",23/06/2018,20180623,2018,6,23,6,Saturday,28.5,0.0,21.5,35.5,6.0,1.1,8.6,941.2,938.2
9945,"(2018, 6, 24)",24/06/2018,20180624,2018,6,24,7,Sunday,29.3,0.0,22.0,36.6,4.0,1.1,7.8,940.5,937.3
14857,"(2018, 6, 25)",25/06/2018,20180625,2018,6,25,1,Monday,29.6,0.0,22.9,36.2,6.0,1.7,8.3,940.4,937.1
15280,"(2018, 6, 26)",26/06/2018,20180626,2018,6,26,2,Tuesday,29.0,0.0,23.0,35.0,25.0,1.9,8.1,940.5,937.8
4069,"(2018, 6, 27)",27/06/2018,20180627,2018,6,27,3,Wednesday,26.9,0.0,21.9,31.9,29.0,2.2,9.7,940.8,937.7
9195,"(2018, 7, 1)",01/07/2018,20180701,2018,7,1,7,Sunday,23.3,0.0,18.6,28.0,24.0,2.8,10.3,937.2,934.0
13931,"(2018, 7, 2)",02/07/2018,20180702,2018,7,2,1,Monday,22.0,0.0,16.5,27.5,25.0,2.5,8.9,940.8,936.3
15352,"(2018, 7, 3)",03/07/2018,20180703,2018,7,3,2,Tuesday,23.4,0.0,16.2,30.7,99.0,1.1,7.5,942.0,938.6
14957,"(2018, 7, 4)",04/07/2018,20180704,2018,7,4,3,Wednesday,23.0,0.0,18.5,27.5,23.0,2.5,12.5,942.2,937.6
15262,"(2018, 7, 5)",05/07/2018,20180705,2018,7,5,4,Thursday,22.5,0.0,17.0,28.0,30.0,0.8,6.9,943.5,941.7
14012,"(2018, 7, 6)",06/07/2018,20180706,2018,7,6,5,Friday,25.1,0.0,18.5,31.7,4.0,1.9,10.3,944.2,940.5
9646,"(2018, 7, 7)",07/07/2018,20180707,2018,7,7,6,Saturday,27.5,0.0,21.4,33.6,10.0,1.9,9.7,943.1,939.0
8866,"(2018, 7, 8)",08/07/2018,20180708,2018,7,8,7,Sunday,28.2,0.0,21.7,34.6,5.0,1.9,11.7,944.1,940.4
13802,"(2018, 7, 9)",09/07/2018,20180709,2018,7,9,1,Monday,28.2,0.0,21.8,34.5,6.0,1.7,10.8,943.3,939.7
15030,"(2018, 7, 10)",10/07/2018,20180710,2018,7,10,2,Tuesday,28.4,0.0,21.5,35.2,6.0,2.2,11.1,942.4,938.2
15113,"(2018, 7, 11)",11/07/2018,20180711,2018,7,11,3,Wednesday,27.3,0.0,21.4,33.2,23.0,2.8,10.8,940.6,935.2
15069,"(2018, 7, 12)",12/07/2018,20180712,2018,7,12,4,Thursday,26.8,0.0,21.0,32.7,4.0,1.4,9.7,939.2,936.4
13891,"(2018, 7, 13)",13/07/2018,20180713,2018,7,13,5,Friday,27.6,0.0,21.7,33.5,4.0,2.5,8.9,940.0,937.0
9230,"(2018, 7, 14)",14/07/2018,20180714,2018,7,14,6,Saturday,26.8,0.0,20.3,33.2,23.0,1.7,9.4,941.3,938.8
8951,"(2018, 7, 15)",15/07/2018,20180715,2018,7,15,7,Sunday,24.3,0.0,19.0,29.6,24.0,2.2,11.9,941.9,938.6
13141,"(2018, 7, 16)",16/07/2018,20180716,2018,7,16,1,Monday,23.7,0.0,17.2,30.2,29.0,1.4,8.6,942.8,940.5
14327,"(2018, 7, 17)",17/07/2018,20180717,2018,7,17,2,Tuesday,26.4,0.0,19.2,33.5,7.0,1.7,8.6,942.8,936.6
14951,"(2018, 7, 18)",18/07/2018,20180718,2018,7,18,3,Wednesday,27.1,0.0,21.3,32.9,25.0,1.9,11.1,939.0,936.8
14920,"(2018, 7, 19)",19/07/2018,20180719,2018,7,19,4,Thursday,26.2,0.0,19.4,32.9,25.0,1.9,10.3,940.6,937.4
13320,"(2018, 7, 20)",20/07/2018,20180720,2018,7,20,5,Friday,25.4,0.0,18.7,32.0,4.0,1.1,9.7,938.7,936.7
8987,"(2018, 7, 21)",21/07/2018,20180721,2018,7,21,6,Saturday,24.0,0.0,17.4,30.5,3.0,2.2,10.3,940.2,936.4
8248,"(2018, 7, 22)",22/07/2018,20180722,2018,7,22,7,Sunday,24.9,0.0,18.1,31.7,8.0,0.8,8.1,938.8,936.8
13206,"(2018, 7, 23)",23/07/2018,20180723,2018,7,23,1,Monday,27.6,0.0,20.5,34.7,23.0,1.9,8.3,940.8,937.0
14221,"(2018, 7, 24)",24/07/2018,20180724,2018,7,24,2,Tuesday,26.4,0.0,19.8,33.0,26.0,1.9,8.6,939.1,936.9
13951,"(2018, 7, 25)",25/07/2018,20180725,2018,7,25,3,Wednesday,27.2,0.0,19.9,34.6,26.0,1.1,7.8,939.9,936.3
14023,"(2018, 7, 26)",26/07/2018,20180726,2018,7,26,4,Thursday,27.2,0.0,19.8,34.5,26.0,1.7,8.9,938.2,935.9
12822,"(2018, 7, 27)",27/07/2018,20180727,2018,7,27,5,Friday,26.8,0.0,19.0,34.5,25.0,2.2,10.8,938.4,935.7
9132,"(2018, 7, 28)",28/07/2018,20180728,2018,7,28,6,Saturday,25.9,0.0,18.6,33.2,27.0,2.2,10.8,938.6,936.7
8868,"(2018, 7, 29)",29/07/2018,20180729,2018,7,29,7,Sunday,26.2,0.0,19.8,32.6,22.0,1.7,7.5,939.9,936.9
12857,"(2018, 7, 30)",30/07/2018,20180730,2018,7,30,1,Monday,26.8,0.0,19.4,34.1,28.0,1.4,6.9,941.2,938.7
13892,"(2018, 7, 31)",31/07/2018,20180731,2018,7,31,2,Tuesday,28.2,0.0,21.1,35.3,16.0,1.1,6.4,941.8,938.7
13693,"(2018, 8, 1)",01/08/2018,20180801,2018,8,1,3,Wednesday,30.2,0.0,23.3,37.0,4.0,0.6,6.4,941.1,938.8
12985,"(2018, 8, 2)",02/08/2018,20180802,2018,8,2,4,Thursday,31.6,0.0,24.6,38.5,7.0,1.1,7.5,943.8,939.7
11256,"(2018, 8, 3)",03/08/2018,20180803,2018,8,3,5,Friday,32.9,0.0,25.9,39.9,4.0,1.7,10.8,942.4,939.6
7473,"(2018, 8, 4)",04/08/2018,20180804,2018,8,4,6,Saturday,31.0,0.0,23.4,38.6,15.966725166897962,1.5618277332975197,8.730143290235446,943.3,940.1
7337,"(2018, 8, 5)",05/08/2018,20180805,2018,8,5,7,Sunday,31.0,0.0,24.4,37.6,6.0,0.8,9.7,942.1,938.6
10198,"(2018, 8, 6)",06/08/2018,20180806,2018,8,6,1,Monday,30.6,0.0,24.4,36.9,17.0,1.7,11.9,941.0,936.5
11241,"(2018, 8, 7)",07/08/2018,20180807,2018,8,7,2,Tuesday,30.7,0.0,24.7,36.7,25.0,2.8,11.7,937.7,933.5
11234,"(2018, 8, 8)",08/08/2018,20180808,2018,8,8,3,Wednesday,27.9,0.0,21.2,34.6,24.0,2.8,13.1,937.2,933.6
11265,"(2018, 8, 9)",09/08/2018,20180809,2018,8,9,4,Thursday,25.4,0.0,19.5,31.3,6.0,2.2,13.6,943.0,936.0
9890,"(2018, 8, 10)",10/08/2018,20180810,2018,8,10,5,Friday,24.4,0.0,17.5,31.3,4.0,2.2,13.3,945.8,942.2
7143,"(2018, 8, 11)",11/08/2018,20180811,2018,8,11,6,Saturday,27.9,0.0,22.1,33.7,16.0,1.4,6.7,945.9,941.0
6823,"(2018, 8, 12)",12/08/2018,20180812,2018,8,12,7,Sunday,29.2,0.0,23.3,35.0,26.0,2.2,11.1,942.3,936.3
9419,"(2018, 8, 13)",13/08/2018,20180813,2018,8,13,1,Monday,27.5,0.0,21.5,33.5,32.0,2.2,7.8,938.8,936.1
10156,"(2018, 8, 14)",14/08/2018,20180814,2018,8,14,2,Tuesday,26.3,0.0,19.6,33.0,4.0,1.1,9.7,941.9,938.8
7936,"(2018, 8, 15)",15/08/2018,20180815,2018,8,15,3,Wednesday,26.7,0.0,19.6,33.8,6.0,2.2,8.9,941.8,937.6
9990,"(2018, 8, 16)",16/08/2018,20180816,2018,8,16,4,Thursday,27.5,0.0,23.0,32.0,24.0,1.9,7.2,940.6,937.8
9135,"(2018, 8, 17)",17/08/2018,20180817,2018,8,17,5,Friday,26.1,0.0,20.0,32.2,6.0,1.9,11.9,943.0,938.3
6692,"(2018, 8, 18)",18/08/2018,20180818,2018,8,18,6,Saturday,23.6,0.0,16.8,30.4,5.0,1.7,12.8,943.1,940.2
7082,"(2018, 8, 19)",19/08/2018,20180819,2018,8,19,7,Sunday,25.8,0.0,20.0,31.6,5.0,1.7,7.2,944.8,941.7
10544,"(2018, 8, 20)",20/08/2018,20180820,2018,8,20,1,Monday,26.6,0.0,20.7,32.5,11.0,1.4,5.3,944.5,940.0
11295,"(2018, 8, 21)",21/08/2018,20180821,2018,8,21,2,Tuesday,27.7,0.0,21.0,34.4,3.0,1.1,8.3,942.0,938.3
11855,"(2018, 8, 22)",22/08/2018,20180822,2018,8,22,3,Wednesday,27.4,0.0,21.9,32.8,14.0,1.1,10.0,942.5,939.2
12053,"(2018, 8, 23)",23/08/2018,20180823,2018,8,23,4,Thursday,27.0,0.0,20.2,33.8,27.0,1.1,9.4,942.7,939.7
11316,"(2018, 8, 24)",24/08/2018,20180824,2018,8,24,5,Friday,26.8,0.0,20.6,33.0,33.0,1.4,10.0,943.0,939.4
8442,"(2018, 8, 25)",25/08/2018,20180825,2018,8,25,6,Saturday,25.8,0.0,18.8,32.8,4.0,2.2,9.4,940.7,936.8
8191,"(2018, 8, 26)",26/08/2018,20180826,2018,8,26,7,Sunday,24.4,0.0,17.4,31.5,3.0,1.4,7.8,941.0,937.7
12305,"(2018, 8, 27)",27/08/2018,20180827,2018,8,27,1,Monday,27.8,0.0,20.5,35.0,21.0,1.4,8.1,940.6,938.0
13339,"(2018, 8, 28)",28/08/2018,20180828,2018,8,28,2,Tuesday,28.0,0.0,22.3,33.8,24.0,2.5,10.8,940.7,937.5
188,"(2018, 8, 29)",29/08/2018,20180829,2018,8,29,3,Wednesday,25.8,0.0,20.0,31.5,5.0,0.8,12.5,942.3,939.5
10127,"(2018, 9, 1)",01/09/2018,20180901,2018,9,1,6,Saturday,27.3,0.0,21.0,33.6,4.0,1.1,7.5,943.4,939.2
10257,"(2018, 9, 2)",02/09/2018,20180902,2018,9,2,7,Sunday,27.5,1.2,20.2,34.8,34.0,1.7,9.2,942.4,937.0
14936,"(2018, 9, 3)",03/09/2018,20180903,2018,9,3,1,Monday,26.8,0.0,22.3,31.3,11.0,1.7,7.8,937.5,933.7
16238,"(2018, 9, 4)",04/09/2018,20180904,2018,9,4,2,Tuesday,24.4,0.0,19.4,29.5,18.0,1.4,6.9,938.5,934.6
16363,"(2018, 9, 5)",05/09/2018,20180905,2018,9,5,3,Wednesday,23.0,0.0,18.3,27.8,25.0,2.8,10.0,939.6,936.6
16545,"(2018, 9, 6)",06/09/2018,20180906,2018,9,6,4,Thursday,22.6,0.0,17.8,27.4,4.0,0.6,8.9,939.2,937.4
14632,"(2018, 9, 7)",07/09/2018,20180907,2018,9,7,5,Friday,22.2,5.1,16.0,28.5,4.0,2.2,10.0,940.4,938.0
9435,"(2018, 9, 8)",08/09/2018,20180908,2018,9,8,6,Saturday,20.2,1.8,16.9,23.6,5.0,1.7,7.8,942.8,940.4
11250,"(2018, 9, 9)",09/09/2018,20180909,2018,9,9,7,Sunday,21.0,0.0,15.8,26.3,99.0,0.8,6.1,945.0,941.6
15977,"(2018, 9, 10)",10/09/2018,20180910,2018,9,10,1,Monday,22.8,0.0,17.3,28.3,12.0,1.9,10.0,947.6,944.4
16842,"(2018, 9, 11)",11/09/2018,20180911,2018,9,11,2,Tuesday,23.0,0.0,17.6,28.5,3.0,1.9,6.7,948.1,943.9
17432,"(2018, 9, 12)",12/09/2018,20180912,2018,9,12,3,Wednesday,23.2,0.0,17.3,29.0,4.0,0.6,6.4,946.6,943.6
17611,"(2018, 9, 13)",13/09/2018,20180913,2018,9,13,4,Thursday,25.4,0.0,18.6,32.2,22.0,0.8,6.1,944.3,940.7
17165,"(2018, 9, 14)",14/09/2018,20180914,2018,9,14,5,Friday,25.5,0.0,19.4,31.6,5.0,1.4,5.8,943.3,939.9
12462,"(2018, 9, 15)",15/09/2018,20180915,2018,9,15,6,Saturday,25.1,0.0,20.2,30.0,11.0,0.8,11.9,944.9,941.3
11977,"(2018, 9, 16)",16/09/2018,20180916,2018,9,16,7,Sunday,24.1,0.0,18.0,30.2,13.0,0.6,5.6,945.2,942.0
15447,"(2018, 9, 17)",17/09/2018,20180917,2018,9,17,1,Monday,24.7,1.2,18.6,30.8,17.0,1.9,9.2,943.0,938.2
16378,"(2018, 9, 18)",18/09/2018,20180918,2018,9,18,2,Tuesday,23.4,0.0,18.2,28.5,5.0,1.4,6.7,942.8,940.0
17747,"(2018, 9, 19)",19/09/2018,20180919,2018,9,19,3,Wednesday,24.2,0.0,18.0,30.4,20.0,0.8,4.4,945.3,942.7
17706,"(2018, 9, 20)",20/09/2018,20180920,2018,9,20,4,Thursday,25.7,0.0,19.9,31.5,15.0,1.1,6.1,945.1,940.9
16777,"(2018, 9, 21)",21/09/2018,20180921,2018,9,21,5,Friday,25.1,0.0,18.9,31.3,5.0,1.4,7.2,944.7,941.8
12799,"(2018, 9, 22)",22/09/2018,20180922,2018,9,22,6,Saturday,26.2,0.0,20.0,32.5,6.0,1.7,7.2,946.5,944.7
12215,"(2018, 9, 23)",23/09/2018,20180923,2018,9,23,7,Sunday,27.2,0.0,20.8,33.5,5.0,1.4,8.6,948.1,944.3
15963,"(2018, 9, 24)",24/09/2018,20180924,2018,9,24,1,Monday,26.0,0.0,20.0,32.0,4.0,1.9,10.0,948.0,943.5
16942,"(2018, 9, 25)",25/09/2018,20180925,2018,9,25,2,Tuesday,23.2,0.0,17.2,29.3,4.0,2.2,10.0,947.2,943.4
16510,"(2018, 9, 26)",26/09/2018,20180926,2018,9,26,3,Wednesday,22.5,0.5,19.0,26.0,16.0,2.2,7.5,952.8,947.2
17463,"(2018, 9, 27)",27/09/2018,20180927,2018,9,27,4,Thursday,21.0,0.0,15.7,26.4,17.0,0.3,5.0,952.8,947.5
16935,"(2018, 9, 28)",28/09/2018,20180928,2018,9,28,5,Friday,21.9,0.0,16.0,27.8,9.0,1.4,6.7,947.5,940.9
12997,"(2018, 9, 29)",29/09/2018,20180929,2018,9,29,6,Saturday,22.4,0.0,16.8,27.9,6.0,0.8,6.1,942.7,938.3
12073,"(2018, 9, 30)",30/09/2018,20180930,2018,9,30,7,Sunday,23.0,0.0,16.9,29.0,4.0,1.7,8.6,942.4,939.7
15566,"(2018, 10, 1)",01/10/2018,20181001,2018,10,1,1,Monday,19.8,0.0,14.6,25.0,5.0,3.1,10.6,945.1,941.4
16286,"(2018, 10, 2)",02/10/2018,20181002,2018,10,2,2,Tuesday,17.3,0.0,10.0,24.6,8.0,1.1,8.3,947.0,944.0
16740,"(2018, 10, 3)",03/10/2018,20181003,2018,10,3,3,Wednesday,20.5,0.0,15.0,26.0,6.0,1.9,7.8,948.2,943.8
16968,"(2018, 10, 4)",04/10/2018,20181004,2018,10,4,4,Thursday,20.2,0.0,14.0,26.3,6.0,1.1,5.3,944.4,940.3
16629,"(2018, 10, 5)",05/10/2018,20181005,2018,10,5,5,Friday,20.4,0.0,14.8,25.9,23.0,1.1,5.6,942.4,938.4
13240,"(2018, 10, 6)",06/10/2018,20181006,2018,10,6,6,Saturday,20.4,0.0,13.6,27.1,26.0,2.5,11.4,941.3,937.3
11061,"(2018, 10, 7)",07/10/2018,20181007,2018,10,7,7,Sunday,15.4,0.0,11.2,19.5,3.0,3.9,11.4,942.0,939.4
14748,"(2018, 10, 8)",08/10/2018,20181008,2018,10,8,1,Monday,13.8,0.0,9.0,18.7,12.0,1.1,7.2,942.2,938.0
13020,"(2018, 10, 9)",09/10/2018,20181009,2018,10,9,2,Tuesday,15.1,8.9,10.7,19.5,17.0,1.7,11.4,939.1,934.6
13899,"(2018, 10, 10)",10/10/2018,20181010,2018,10,10,3,Wednesday,14.6,2.7,11.0,18.1,4.0,0.8,5.3,934.8,932.3
13238,"(2018, 10, 11)",11/10/2018,20181011,2018,10,11,4,Thursday,17.2,2.9,13.8,20.5,24.0,2.8,8.9,942.3,934.4
9541,"(2018, 10, 12)",12/10/2018,20181012,2018,10,12,5,Friday,18.3,0.3,15.8,20.8,19.0,0.8,5.8,946.9,942.5
10458,"(2018, 10, 13)",13/10/2018,20181013,2018,10,13,6,Saturday,19.6,2.6,15.0,24.2,99.0,0.6,5.3,944.8,933.1
7937,"(2018, 10, 14)",14/10/2018,20181014,2018,10,14,7,Sunday,14.8,0.0,11.2,18.5,28.0,3.1,12.2,934.7,929.8
11991,"(2018, 10, 15)",15/10/2018,20181015,2018,10,15,1,Monday,12.3,0.1,9.2,15.4,99.0,1.4,6.7,936.4,932.6
15168,"(2018, 10, 16)",16/10/2018,20181016,2018,10,16,2,Tuesday,15.4,0.0,10.6,20.1,5.0,1.1,5.8,941.0,936.2
16021,"(2018, 10, 17)",17/10/2018,20181017,2018,10,17,3,Wednesday,16.5,0.0,11.5,21.5,25.0,1.4,6.4,941.4,936.1
14109,"(2018, 10, 18)",18/10/2018,20181018,2018,10,18,4,Thursday,17.2,8.8,14.0,20.4,4.0,3.1,11.4,935.7,933.7
8529,"(2018, 10, 19)",19/10/2018,20181019,2018,10,19,5,Friday,14.8,5.9,12.7,17.0,4.0,3.6,11.4,940.2,934.5
9606,"(2018, 10, 20)",20/10/2018,20181020,2018,10,20,6,Saturday,17.2,3.3,13.5,21.0,8.0,2.5,9.7,944.8,939.7
10324,"(2018, 10, 21)",21/10/2018,20181021,2018,10,21,7,Sunday,17.8,0.2,14.4,21.2,4.0,2.5,6.7,945.5,942.7
14799,"(2018, 10, 22)",22/10/2018,20181022,2018,10,22,1,Monday,17.0,0.0,11.7,22.3,4.0,0.8,9.2,947.0,944.3
15610,"(2018, 10, 23)",23/10/2018,20181023,2018,10,23,2,Tuesday,16.8,0.0,13.0,20.5,4.0,1.4,7.5,949.8,946.9
15702,"(2018, 10, 24)",24/10/2018,20181024,2018,10,24,3,Wednesday,16.2,0.0,10.5,22.0,5.0,0.3,5.0,949.1,945.1
16248,"(2018, 10, 25)",25/10/2018,20181025,2018,10,25,4,Thursday,16.6,0.0,10.5,22.6,23.0,0.8,6.1,944.8,940.3
12818,"(2018, 10, 26)",26/10/2018,20181026,2018,10,26,5,Friday,14.2,1.5,11.8,16.5,23.0,0.8,4.7,941.0,936.0
7548,"(2018, 10, 27)",27/10/2018,20181027,2018,10,27,6,Saturday,8.8,4.2,5.1,12.4,4.0,1.9,11.1,936.0,926.3
8156,"(2018, 10, 28)",28/10/2018,20181028,2018,10,28,7,Sunday,7.0,0.0,4.1,10.0,35.0,3.1,11.1,928.4,924.7
11591,"(2018, 10, 29)",29/10/2018,20181029,2018,10,29,1,Monday,7.0,0.7,3.7,10.4,99.0,3.3,11.4,928.8,926.6
5800,"(2018, 10, 30)",30/10/2018,20181030,2018,10,30,2,Tuesday,7.5,15.1,6.0,9.0,15.0,3.1,9.2,928.5,923.4
11542,"(2018, 10, 31)",31/10/2018,20181031,2018,10,31,3,Wednesday,8.9,0.1,5.8,12.0,25.0,2.5,10.3,931.4,924.7
9264,"(2018, 11, 1)",01/11/2018,20181101,2018,11,1,4,Thursday,9.2,0.0,4.5,13.8,23.0,0.8,5.3,942.9,931.4
11163,"(2018, 11, 2)",02/11/2018,20181102,2018,11,2,5,Friday,13.6,0.0,9.3,18.0,31.0,2.2,9.7,946.8,940.6
9105,"(2018, 11, 3)",03/11/2018,20181103,2018,11,3,6,Saturday,10.6,0.0,6.1,15.0,13.0,0.6,4.7,946.8,941.7
8169,"(2018, 11, 4)",04/11/2018,20181104,2018,11,4,7,Sunday,10.0,17.0,4.5,15.4,24.0,0.8,9.7,941.6,930.3
7056,"(2018, 11, 5)",05/11/2018,20181105,2018,11,5,1,Monday,8.2,2.7,6.3,10.0,99.0,3.1,10.8,931.6,925.2
11877,"(2018, 11, 6)",06/11/2018,20181106,2018,11,6,2,Tuesday,8.9,0.7,6.0,11.8,26.0,3.1,11.7,937.1,931.1
9054,"(2018, 11, 7)",07/11/2018,20181107,2018,11,7,3,Wednesday,10.6,4.5,7.5,13.8,21.0,1.9,7.8,941.5,935.5
9566,"(2018, 11, 8)",08/11/2018,20181108,2018,11,8,4,Thursday,9.8,7.6,7.0,12.6,18.0,1.1,12.2,941.3,936.0
8174,"(2018, 11, 9)",09/11/2018,20181109,2018,11,9,5,Friday,9.0,0.0,5.4,12.6,31.0,3.6,11.4,943.0,937.9
7149,"(2018, 11, 10)",10/11/2018,20181110,2018,11,10,6,Saturday,11.6,1.1,9.6,13.5,23.0,3.6,12.2,939.9,936.5
7509,"(2018, 11, 11)",11/11/2018,20181111,2018,11,11,7,Sunday,14.2,0.0,11.6,16.7,24.0,2.8,8.1,939.2,935.3
10770,"(2018, 11, 12)",12/11/2018,20181112,2018,11,12,1,Monday,12.2,1.6,10.3,14.0,21.0,0.8,7.5,943.2,935.8
13306,"(2018, 11, 13)",13/11/2018,20181113,2018,11,13,2,Tuesday,13.0,0.0,10.0,16.0,5.0,1.4,5.8,947.4,942.8
13149,"(2018, 11, 14)",14/11/2018,20181114,2018,11,14,3,Wednesday,13.0,0.0,10.0,16.0,4.0,1.9,7.2,947.8,942.2
12912,"(2018, 11, 15)",15/11/2018,20181115,2018,11,15,4,Thursday,14.2,0.9,11.8,16.5,12.0,1.1,8.3,942.3,940.1
12222,"(2018, 11, 16)",16/11/2018,20181116,2018,11,16,5,Friday,14.0,1.7,12.1,15.8,13.0,1.1,6.9,942.8,940.3
10521,"(2018, 11, 17)",17/11/2018,20181117,2018,11,17,6,Saturday,13.8,0.0,11.0,16.5,99.0,1.4,5.3,940.7,934.4
5979,"(2018, 11, 18)",18/11/2018,20181118,2018,11,18,7,Sunday,11.5,11.8,9.3,13.7,12.0,1.9,9.2,934.2,927.7
10825,"(2018, 11, 19)",19/11/2018,20181119,2018,11,19,1,Monday,11.2,2.5,8.7,13.6,4.0,2.2,8.9,926.8,925.0
10005,"(2018, 11, 20)",20/11/2018,20181120,2018,11,20,2,Tuesday,10.0,2.9,8.0,12.0,27.0,2.8,13.9,929.1,923.6
11158,"(2018, 11, 21)",21/11/2018,20181121,2018,11,21,3,Wednesday,9.2,1.5,6.7,11.8,22.0,1.7,10.8,938.0,929.3
12485,"(2018, 11, 22)",22/11/2018,20181122,2018,11,22,4,Thursday,8.9,3.7,5.8,12.0,20.0,1.1,5.0,939.7,936.0
12050,"(2018, 11, 23)",23/11/2018,20181123,2018,11,23,5,Friday,8.0,0.0,5.0,11.1,26.0,1.7,8.1,939.9,935.8
8449,"(2018, 11, 24)",24/11/2018,20181124,2018,11,24,6,Saturday,6.1,2.0,3.0,9.2,24.0,0.0,3.3,941.0,936.8
6668,"(2018, 11, 25)",25/11/2018,20181125,2018,11,25,7,Sunday,10.3,4.9,6.6,14.0,26.0,3.3,11.1,936.2,929.2
10907,"(2018, 11, 26)",26/11/2018,20181126,2018,11,26,1,Monday,9.5,0.0,7.0,12.0,30.0,3.1,17.2,945.0,930.0
12077,"(2018, 11, 27)",27/11/2018,20181127,2018,11,27,2,Tuesday,8.1,0.0,4.2,12.0,25.0,0.8,6.1,946.1,944.5
11953,"(2018, 11, 28)",28/11/2018,20181128,2018,11,28,3,Wednesday,7.2,0.0,3.4,11.1,20.0,0.8,3.1,947.8,945.4
11441,"(2018, 11, 29)",29/11/2018,20181129,2018,11,29,4,Thursday,7.4,3.3,3.4,11.4,27.0,0.6,5.8,945.1,941.3
11834,"(2018, 11, 30)",30/11/2018,20181130,2018,11,30,5,Friday,7.8,0.0,4.7,11.0,6.0,0.6,4.2,946.8,940.3
9702,"(2018, 12, 1)",01/12/2018,20181201,2018,12,1,6,Saturday,7.0,0.0,3.0,11.0,24.0,0.6,4.4,947.0,944.5
7931,"(2018, 12, 2)",02/12/2018,20181202,2018,12,2,7,Sunday,6.6,0.0,4.5,8.8,23.0,0.3,3.3,948.1,946.0
10435,"(2018, 12, 3)",03/12/2018,20181203,2018,12,3,1,Monday,7.2,0.0,5.4,9.0,99.0,0.8,2.8,948.1,946.4
12191,"(2018, 12, 4)",04/12/2018,20181204,2018,12,4,2,Tuesday,9.7,0.0,4.2,15.2,99.0,0.6,3.3,948.4,946.5
12591,"(2018, 12, 5)",05/12/2018,20181205,2018,12,5,3,Wednesday,11.4,0.0,6.9,16.0,6.0,0.6,4.2,948.3,947.2
8471,"(2018, 12, 6)",06/12/2018,20181206,2018,12,6,4,Thursday,10.5,0.0,5.5,15.5,4.0,0.6,4.2,952.0,949.8
9234,"(2018, 12, 7)",07/12/2018,20181207,2018,12,7,5,Friday,7.4,0.0,4.2,10.5,28.0,1.1,7.5,951.2,948.1
7931,"(2018, 12, 8)",08/12/2018,20181208,2018,12,8,6,Saturday,9.2,0.0,5.4,13.0,31.0,0.8,7.8,952.3,949.0
7940,"(2018, 12, 9)",09/12/2018,20181209,2018,12,9,7,Sunday,9.5,0.0,4.4,14.6,22.0,0.3,3.1,953.8,951.6
11023,"(2018, 12, 10)",10/12/2018,20181210,2018,12,10,1,Monday,9.0,0.0,3.9,14.2,6.0,0.8,3.6,952.8,948.5
12071,"(2018, 12, 11)",11/12/2018,20181211,2018,12,11,2,Tuesday,8.2,0.0,3.8,12.6,9.0,0.6,4.2,948.3,944.0
12109,"(2018, 12, 12)",12/12/2018,20181212,2018,12,12,3,Wednesday,6.6,3.8,4.5,8.6,23.0,0.8,6.1,945.3,939.5
8527,"(2018, 12, 13)",13/12/2018,20181213,2018,12,13,4,Thursday,6.2,6.2,4.0,8.5,31.0,2.8,14.7,940.0,931.0
12068,"(2018, 12, 14)",14/12/2018,20181214,2018,12,14,5,Friday,6.8,0.0,3.0,10.5,30.0,2.2,9.7,947.4,937.8
9165,"(2018, 12, 15)",15/12/2018,20181215,2018,12,15,6,Saturday,5.8,0.2,2.7,9.0,26.0,1.4,7.2,949.5,945.5
7523,"(2018, 12, 16)",16/12/2018,20181216,2018,12,16,7,Sunday,9.0,0.3,5.6,12.5,28.0,3.3,12.5,948.4,941.6
11127,"(2018, 12, 17)",17/12/2018,20181217,2018,12,17,1,Monday,6.3,0.0,3.4,9.2,31.0,1.1,7.2,952.6,950.1
11002,"(2018, 12, 18)",18/12/2018,20181218,2018,12,18,2,Tuesday,5.2,0.9,2.5,8.0,5.0,0.6,7.8,950.3,944.0
11144,"(2018, 12, 19)",19/12/2018,20181219,2018,12,19,3,Wednesday,7.2,0.0,4.9,9.4,24.0,1.9,6.4,947.1,942.8
11750,"(2018, 12, 20)",20/12/2018,20181220,2018,12,20,4,Thursday,8.1,0.0,5.4,10.8,23.0,1.4,4.7,951.8,944.4
10879,"(2018, 12, 21)",21/12/2018,20181221,2018,12,21,5,Friday,7.0,0.0,5.3,8.7,29.0,0.3,4.2,955.0,952.0
7273,"(2018, 12, 22)",22/12/2018,20181222,2018,12,22,6,Saturday,7.6,0.0,6.2,9.0,6.0,0.8,4.2,955.7,953.7
5744,"(2018, 12, 23)",23/12/2018,20181223,2018,12,23,7,Sunday,7.0,0.0,4.6,9.5,6.0,0.6,4.7,954.6,951.7
5080,"(2018, 12, 24)",24/12/2018,20181224,2018,12,24,1,Monday,8.2,0.0,3.2,13.2,6.0,0.3,4.2,961.9,949.6
3574,"(2018, 12, 25)",25/12/2018,20181225,2018,12,25,2,Tuesday,9.3,0.0,4.8,13.8,6.0,1.1,4.4,950.9,948.5
7385,"(2018, 12, 26)",26/12/2018,20181226,2018,12,26,3,Wednesday,8.4,0.0,4.3,12.4,8.0,0.8,3.1,951.1,948.7
8075,"(2018, 12, 27)",27/12/2018,20181227,2018,12,27,4,Thursday,6.2,0.0,2.0,10.5,25.0,0.6,3.3,950.0,947.9
8340,"(2018, 12, 28)",28/12/2018,20181228,2018,12,28,5,Friday,7.1,0.0,1.5,12.7,10.0,1.4,5.8,950.8,948.5
6445,"(2018, 12, 29)",29/12/2018,20181229,2018,12,29,6,Saturday,8.0,0.0,4.0,11.9,4.0,1.7,7.8,950.9,949.8
5916,"(2018, 12, 30)",30/12/2018,20181230,2018,12,30,7,Sunday,8.7,0.0,3.2,14.2,5.0,1.1,7.5,952.3,949.6
5472,"(2018, 12, 31)",31/12/2018,20181231,2018,12,31,1,Monday,7.0,0.0,0.7,13.4,6.0,0.6,5.3,954.0,951.6
4349,"(2019, 1, 1)",01/01/2019,20190101,2019,1,1,2,Tuesday,6.6,0.0,1.4,11.7,6.0,0.3,5.3,953.9,951.5
7348,"(2019, 1, 2)",02/01/2019,20190102,2019,1,2,3,Wednesday,6.0,0.0,0.4,11.7,6.0,0.6,7.8,952.5,948.3
8432,"(2019, 1, 3)",03/01/2019,20190103,2019,1,3,4,Thursday,7.3,0.0,2.8,11.8,5.0,0.6,7.8,951.4,949.0
8676,"(2019, 1, 4)",04/01/2019,20190104,2019,1,4,5,Friday,5.9,0.0,0.4,11.4,6.0,0.3,3.6,952.9,949.9
6868,"(2019, 1, 5)",05/01/2019,20190105,2019,1,5,6,Saturday,5.4,0.0,-0.1,10.8,9.0,0.6,3.1,955.2,952.5
5379,"(2019, 1, 6)",06/01/2019,20190106,2019,1,6,7,Sunday,6.6,0.0,-0.5,13.8,2.0,1.1,3.3,953.3,950.2
6344,"(2019, 1, 7)",07/01/2019,20190107,2019,1,7,1,Monday,7.1,0.0,0.5,13.7,8.0,0.6,5.0,951.2,948.6
10557,"(2019, 1, 8)",08/01/2019,20190108,2019,1,8,2,Tuesday,7.1,0.0,1.2,13.0,34.0,0.8,3.6,952.5,947.8
11052,"(2019, 1, 9)",09/01/2019,20190109,2019,1,9,3,Wednesday,7.6,0.0,2.0,13.2,3.0,1.4,9.7,948.2,941.3
10628,"(2019, 1, 10)",10/01/2019,20190110,2019,1,10,4,Thursday,4.7,0.0,0.6,8.8,3.0,2.8,10.0,945.1,940.2
10313,"(2019, 1, 11)",11/01/2019,20190111,2019,1,11,5,Friday,2.8,0.0,-1.8,7.4,4.0,0.6,6.1,949.6,944.7
7767,"(2019, 1, 12)",12/01/2019,20190112,2019,1,12,6,Saturday,4.4,0.0,-0.8,9.5,11.0,0.8,4.2,952.0,948.9
6894,"(2019, 1, 13)",13/01/2019,20190113,2019,1,13,7,Sunday,5.0,0.0,-0.7,10.8,99.0,0.8,3.6,950.0,945.5
10047,"(2019, 1, 14)",14/01/2019,20190114,2019,1,14,1,Monday,6.8,0.0,1.0,12.6,5.0,0.6,3.9,947.4,943.5
11026,"(2019, 1, 15)",15/01/2019,20190115,2019,1,15,2,Tuesday,7.6,0.0,3.1,12.2,19.109287304429017,1.4,7.460124225276901,944.6,941.3
11201,"(2019, 1, 16)",16/01/2019,20190116,2019,1,16,3,Wednesday,5.7,0.0,1.4,10.0,25.0,1.1,6.4,942.2,939.0
10534,"(2019, 1, 17)",17/01/2019,20190117,2019,1,17,4,Thursday,5.6,0.0,2.7,8.5,4.0,0.3,4.7,942.8,939.5
10266,"(2019, 1, 18)",18/01/2019,20190118,2019,1,18,5,Friday,3.6,0.0,-0.3,7.6,24.0,1.1,6.1,942.5,940.0
4943,"(2019, 1, 19)",19/01/2019,20190119,2019,1,19,6,Saturday,2.0,5.9,-0.5,4.4,24.0,0.6,5.3,939.8,931.9
5971,"(2019, 1, 20)",20/01/2019,20190120,2019,1,20,7,Sunday,6.4,0.0,3.3,9.5,36.0,2.2,11.7,941.1,930.4
10159,"(2019, 1, 21)",21/01/2019,20190121,2019,1,21,1,Monday,5.4,0.0,1.4,9.4,35.0,3.6,10.6,943.8,940.8
9238,"(2019, 1, 22)",22/01/2019,20190122,2019,1,22,2,Tuesday,4.4,0.4,0.7,8.0,29.0,1.9,11.1,945.0,935.0
10644,"(2019, 1, 23)",23/01/2019,20190123,2019,1,23,3,Wednesday,9.2,0.0,5.2,13.1,30.0,4.4,17.5,934.1,929.3
12323,"(2019, 1, 24)",24/01/2019,20190124,2019,1,24,4,Thursday,11.6,0.0,8.7,14.6,31.0,2.2,12.2,938.6,931.5
12850,"(2019, 1, 25)",25/01/2019,20190125,2019,1,25,5,Friday,10.2,0.0,5.2,15.2,4.0,3.3,10.0,943.3,938.2
9631,"(2019, 1, 26)",26/01/2019,20190126,2019,1,26,6,Saturday,7.4,0.0,2.2,12.6,22.0,1.1,5.0,943.9,939.3
8302,"(2019, 1, 27)",27/01/2019,20190127,2019,1,27,7,Sunday,6.9,0.0,2.4,11.4,32.0,2.2,14.7,940.0,936.0
11081,"(2019, 1, 28)",28/01/2019,20190128,2019,1,28,1,Monday,8.4,0.0,3.7,13.0,26.0,3.9,15.3,940.7,935.7
11279,"(2019, 1, 29)",29/01/2019,20190129,2019,1,29,2,Tuesday,7.9,4.388714010731974,5.3,10.5,30.0,2.8,14.7,939.8,932.9
10080,"(2019, 1, 30)",30/01/2019,20190130,2019,1,30,3,Wednesday,7.2,4.1,4.2,10.1,26.0,3.3,10.8,936.1,928.3
10712,"(2019, 1, 31)",31/01/2019,20190131,2019,1,31,4,Thursday,9.4,8.2,6.4,12.4,25.0,5.3,17.2,928.8,921.8
9317,"(2019, 2, 1)",01/02/2019,20190201,2019,2,1,5,Friday,6.4,1.0,3.5,9.4,26.0,3.9,16.1,922.0,916.0
9317,"(2019, 2, 1)",01/02/2019,20190201,2019,2,1,5,Friday,6.4,1.0,3.5,9.4,26.0,3.9,16.1,922.0,916.0
8114,"(2019, 2, 2)",02/02/2019,20190202,2019,2,2,6,Saturday,4.6,0.0,1.6,7.5,32.0,3.9,14.2,940.1,920.7
7820,"(2019, 2, 3)",03/02/2019,20190203,2019,2,3,7,Sunday,4.0,0.0,-0.3,8.2,5.0,1.4,12.2,949.8,941.3
10643,"(2019, 2, 4)",04/02/2019,20190204,2019,2,4,1,Monday,4.8,0.0,-1.4,10.9,23.0,0.8,3.6,951.0,949.0
11870,"(2019, 2, 5)",05/02/2019,20190205,2019,2,5,2,Tuesday,8.1,0.0,1.7,14.5,23.0,0.8,5.0,951.6,948.8
11947,"(2019, 2, 6)",06/02/2019,20190206,2019,2,6,3,Wednesday,9.7,0.0,4.4,15.0,26.0,1.7,6.1,949.5,945.0
12307,"(2019, 2, 7)",07/02/2019,20190207,2019,2,7,4,Thursday,9.0,0.0,3.0,15.0,23.0,0.8,4.4,946.0,942.3
12197,"(2019, 2, 8)",08/02/2019,20190208,2019,2,8,5,Friday,8.6,0.0,2.8,14.3,24.0,1.1,7.8,945.5,942.7
8937,"(2019, 2, 9)",09/02/2019,20190209,2019,2,9,6,Saturday,7.4,0.0,2.9,11.8,24.0,1.1,6.1,946.0,943.0
7311,"(2019, 2, 10)",10/02/2019,20190210,2019,2,10,7,Sunday,7.6,0.0,4.1,11.2,24.0,2.5,10.8,946.0,943.0
11210,"(2019, 2, 11)",11/02/2019,20190211,2019,2,11,1,Monday,9.4,0.0,5.7,13.0,4.0,1.7,8.6,952.0,945.5
12270,"(2019, 2, 12)",12/02/2019,20190212,2019,2,12,2,Tuesday,8.0,0.0,3.0,13.0,5.0,0.8,8.3,953.8,951.1
12700,"(2019, 2, 13)",13/02/2019,20190213,2019,2,13,3,Wednesday,9.4,0.0,4.4,14.5,12.0,0.8,4.7,952.6,949.9
12714,"(2019, 2, 14)",14/02/2019,20190214,2019,2,14,4,Thursday,8.0,0.0,3.0,13.1,99.0,0.8,5.0,953.7,949.9
12687,"(2019, 2, 15)",15/02/2019,20190215,2019,2,15,5,Friday,9.0,0.0,3.4,14.6,10.0,0.8,4.4,950.4,947.0
9328,"(2019, 2, 16)",16/02/2019,20190216,2019,2,16,6,Saturday,11.0,0.0,5.9,16.2,12.0,2.8,8.1,949.2,946.0
8510,"(2019, 2, 17)",17/02/2019,20190217,2019,2,17,7,Sunday,9.5,0.0,4.0,15.0,5.0,1.7,6.7,948.3,940.4
11451,"(2019, 2, 18)",18/02/2019,20190218,2019,2,18,1,Monday,9.4,0.0,4.5,14.3,14.0,1.1,5.0,942.9,939.5
12398,"(2019, 2, 19)",19/02/2019,20190219,2019,2,19,2,Tuesday,9.7,0.0,5.4,14.0,8.0,0.8,4.4,942.9,940.5
12407,"(2019, 2, 20)",20/02/2019,20190220,2019,2,20,3,Wednesday,9.4,0.0,4.3,14.5,25.0,0.6,5.3,947.2,942.8
12871,"(2019, 2, 21)",21/02/2019,20190221,2019,2,21,4,Thursday,10.7,0.0,5.2,16.2,5.0,0.8,5.0,953.0,946.8
13168,"(2019, 2, 22)",22/02/2019,20190222,2019,2,22,5,Friday,11.6,0.0,5.0,18.1,6.0,0.8,6.1,953.7,949.7
9292,"(2019, 2, 23)",23/02/2019,20190223,2019,2,23,6,Saturday,10.9,0.0,3.7,18.1,4.0,0.6,5.6,952.3,948.7
8625,"(2019, 2, 24)",24/02/2019,20190224,2019,2,24,7,Sunday,13.4,0.0,8.1,18.7,4.0,0.8,6.1,954.1,949.9
11856,"(2019, 2, 25)",25/02/2019,20190225,2019,2,25,1,Monday,12.4,0.0,6.4,18.5,4.0,0.8,4.2,954.5,948.9
13205,"(2019, 2, 26)",26/02/2019,20190226,2019,2,26,2,Tuesday,13.4,0.0,7.1,19.8,16.0,1.7,6.9,952.0,950.0
13125,"(2019, 2, 27)",27/02/2019,20190227,2019,2,27,3,Wednesday,13.4,0.0,7.0,19.8,28.0,1.4,5.3,951.2,948.6
13361,"(2019, 2, 28)",28/02/2019,20190228,2019,2,28,4,Thursday,12.4,0.0,6.2,18.6,6.0,0.8,5.0,951.5,947.5
13321,"(2019, 3, 1)",01/03/2019,20190301,2019,3,1,5,Friday,13.2,0.0,6.8,19.5,6.0,1.7,7.2,946.8,944.1
9878,"(2019, 3, 2)",02/03/2019,20190302,2019,3,2,6,Saturday,13.8,0.0,8.0,19.7,16.0,1.9,5.8,948.5,946.0
8518,"(2019, 3, 3)",03/03/2019,20190303,2019,3,3,7,Sunday,13.2,0.0,6.1,20.2,24.0,1.9,10.3,946.5,941.6
11107,"(2019, 3, 4)",04/03/2019,20190304,2019,3,4,1,Monday,12.0,0.0,8.5,15.5,26.0,3.6,11.1,942.4,940.5
12581,"(2019, 3, 5)",05/03/2019,20190305,2019,3,5,2,Tuesday,12.0,0.0,8.7,15.2,23.0,3.3,11.7,941.3,934.5
9224,"(2019, 3, 6)",06/03/2019,20190306,2019,3,6,3,Wednesday,9.6,8.2,5.7,13.4,23.0,4.2,17.8,935.8,926.7
12180,"(2019, 3, 7)",07/03/2019,20190307,2019,3,7,4,Thursday,7.6,0.0,3.2,12.1,25.0,2.5,9.4,940.3,935.8
13040,"(2019, 3, 8)",08/03/2019,20190308,2019,3,8,5,Friday,10.1,0.0,5.3,14.9,8.0,0.8,5.3,950.0,940.0
9839,"(2019, 3, 9)",09/03/2019,20190309,2019,3,9,6,Saturday,11.5,0.0,5.0,18.0,13.0,0.6,4.7,954.8,950.7
9665,"(2019, 3, 10)",10/03/2019,20190310,2019,3,10,7,Sunday,15.0,0.0,7.3,22.6,29.0,1.7,7.8,953.1,948.7
12719,"(2019, 3, 11)",11/03/2019,20190311,2019,3,11,1,Monday,14.6,0.0,10.0,19.3,6.0,2.2,8.6,952.2,949.8
13524,"(2019, 3, 12)",12/03/2019,20190312,2019,3,12,2,Tuesday,14.2,0.0,7.1,21.2,24.0,2.8,10.0,951.0,944.9
13232,"(2019, 3, 13)",13/03/2019,20190313,2019,3,13,3,Wednesday,11.0,0.0,7.5,14.5,33.0,3.3,11.1,951.8,944.6
13381,"(2019, 3, 14)",14/03/2019,20190314,2019,3,14,4,Thursday,10.6,0.0,4.1,17.1,6.0,1.1,6.7,952.7,948.4
13938,"(2019, 3, 15)",15/03/2019,20190315,2019,3,15,5,Friday,14.4,0.0,6.0,22.8,24.0,1.1,5.3,950.2,946.6
10498,"(2019, 3, 16)",16/03/2019,20190316,2019,3,16,6,Saturday,16.2,0.0,8.4,23.9,25.0,1.9,7.8,947.2,940.1
9343,"(2019, 3, 17)",17/03/2019,20190317,2019,3,17,7,Sunday,13.8,0.0,7.8,19.7,99.0,2.5,12.5,943.0,939.5
11592,"(2019, 3, 18)",18/03/2019,20190318,2019,3,18,1,Monday,9.9,0.0,3.8,16.0,5.0,2.5,11.4,947.0,944.8
12525,"(2019, 3, 19)",19/03/2019,20190319,2019,3,19,2,Tuesday,11.2,0.0,6.3,16.0,1.0,2.8,10.8,948.8,944.9
13134,"(2019, 3, 20)",20/03/2019,20190320,2019,3,20,3,Wednesday,9.9,0.0,5.1,14.7,5.0,2.5,12.2,949.8,946.3
13470,"(2019, 3, 21)",21/03/2019,20190321,2019,3,21,4,Thursday,9.9,0.0,4.8,15.0,5.0,0.6,6.9,950.2,946.5
13497,"(2019, 3, 22)",22/03/2019,20190322,2019,3,22,5,Friday,11.2,0.0,4.5,18.0,17.0,1.4,7.2,949.9,946.2
9986,"(2019, 3, 23)",23/03/2019,20190323,2019,3,23,6,Saturday,14.1,0.0,7.6,20.6,9.0,2.5,7.8,948.8,943.7
9450,"(2019, 3, 24)",24/03/2019,20190324,2019,3,24,7,Sunday,15.2,0.0,9.0,21.5,14.0,2.2,8.3,947.0,942.6
12832,"(2019, 3, 25)",25/03/2019,20190325,2019,3,25,1,Monday,16.4,0.0,10.0,22.7,4.0,2.5,13.3,944.8,939.9
13496,"(2019, 3, 26)",26/03/2019,20190326,2019,3,26,2,Tuesday,13.5,0.0,6.0,21.0,4.0,4.4,14.7,944.5,939.1
13670,"(2019, 3, 27)",27/03/2019,20190327,2019,3,27,3,Wednesday,12.0,0.0,5.5,18.5,4.0,0.6,8.9,947.3,943.4
13871,"(2019, 3, 28)",28/03/2019,20190328,2019,3,28,4,Thursday,12.4,0.0,6.1,18.6,6.0,1.4,5.8,949.0,944.5
13269,"(2019, 3, 29)",29/03/2019,20190329,2019,3,29,5,Friday,12.4,0.0,6.6,18.2,14.0,2.8,8.9,947.2,942.7
10008,"(2019, 3, 30)",30/03/2019,20190330,2019,3,30,6,Saturday,12.4,0.0,6.5,18.2,14.0,1.4,6.1,944.8,938.9
6617,"(2019, 3, 31)",31/03/2019,20190331,2019,3,31,7,Sunday,10.6,1.6,9.2,12.0,12.0,1.4,5.6,939.3,935.6
11909,"(2019, 4, 1)",01/04/2019,20190401,2019,4,1,1,Monday,13.0,0.0,8.8,17.2,19.0,1.4,5.3,938.3,935.6
12854,"(2019, 4, 2)",02/04/2019,20190402,2019,4,2,2,Tuesday,12.7,2.0,7.4,18.0,26.0,0.8,9.7,938.0,933.8
13080,"(2019, 4, 3)",03/04/2019,20190403,2019,4,3,3,Wednesday,10.8,0.0,6.5,15.1,34.0,3.1,11.9,933.9,927.4
13257,"(2019, 4, 4)",04/04/2019,20190404,2019,4,4,4,Thursday,8.2,1.3,2.5,14.0,26.0,1.7,11.1,928.7,923.4
8289,"(2019, 4, 5)",05/04/2019,20190405,2019,4,5,5,Friday,7.2,2.7,4.5,10.0,27.0,2.2,13.3,925.7,920.7
7079,"(2019, 4, 6)",06/04/2019,20190406,2019,4,6,6,Saturday,7.5,3.5,2.9,12.1,24.0,3.6,14.7,929.6,923.6
6544,"(2019, 4, 7)",07/04/2019,20190407,2019,4,7,7,Sunday,8.8,4.3,3.7,13.8,27.0,2.5,9.2,936.8,928.0
9758,"(2019, 4, 8)",08/04/2019,20190408,2019,4,8,1,Monday,12.0,0.2,6.9,17.0,26.0,2.8,12.5,936.2,933.6
10924,"(2019, 4, 9)",09/04/2019,20190409,2019,4,9,2,Tuesday,9.6,0.8,5.6,13.5,28.0,3.9,13.6,937.1,934.2
12637,"(2019, 4, 10)",10/04/2019,20190410,2019,4,10,3,Wednesday,11.1,0.0,6.5,15.7,99.0,2.5,9.2,939.7,935.6
13225,"(2019, 4, 11)",11/04/2019,20190411,2019,4,11,4,Thursday,10.8,0.0,5.2,16.5,99.0,2.8,8.1,941.8,939.7
13370,"(2019, 4, 12)",12/04/2019,20190412,2019,4,12,5,Friday,11.8,0.0,4.0,19.5,2.0,0.8,6.4,942.2,938.7
9780,"(2019, 4, 13)",13/04/2019,20190413,2019,4,13,6,Saturday,14.0,0.0,6.0,22.0,24.0,0.8,5.8,942.6,939.3
8968,"(2019, 4, 14)",14/04/2019,20190414,2019,4,14,7,Sunday,17.0,0.0,10.0,24.0,22.0,1.4,11.1,940.6,936.7
10624,"(2019, 4, 15)",15/04/2019,20190415,2019,4,15,1,Monday,18.0,0.0,11.5,24.6,25.0,3.3,13.3,939.2,933.4
10937,"(2019, 4, 16)",16/04/2019,20190416,2019,4,16,2,Tuesday,15.0,0.0,7.9,22.0,17.0,0.8,11.1,941.9,937.4
9153,"(2019, 4, 17)",17/04/2019,20190417,2019,4,17,3,Wednesday,16.9,21.6,10.1,23.7,16.0,2.5,11.7,938.0,932.0
2333,"(2019, 4, 18)",18/04/2019,20190418,2019,4,18,4,Thursday,11.0,7.7,9.1,13.0,10.0,1.4,7.2,936.4,933.7
2646,"(2019, 4, 19)",19/04/2019,20190419,2019,4,19,5,Friday,10.4,6.8,9.3,11.6,4.0,1.9,8.3,942.7,935.1
5150,"(2019, 4, 20)",20/04/2019,20190420,2019,4,20,6,Saturday,14.4,0.3,9.4,19.5,4.0,3.9,15.0,941.8,938.2
5367,"(2019, 4, 21)",21/04/2019,20190421,2019,4,21,7,Sunday,10.8,0.0,8.5,13.2,4.0,3.6,13.3,941.0,932.0
11046,"(2019, 4, 22)",22/04/2019,20190422,2019,4,22,1,Monday,13.5,0.7,8.0,19.0,22.0,1.9,8.3,927.4,922.2
9622,"(2019, 4, 23)",23/04/2019,20190423,2019,4,23,2,Tuesday,10.0,2.8,5.7,14.2,18.0,3.6,14.2,927.1,920.0
3625,"(2019, 4, 24)",24/04/2019,20190424,2019,4,24,3,Wednesday,8.4,28.5,5.4,11.4,24.0,3.1,14.4,929.8,926.7
11625,"(2019, 4, 25)",25/04/2019,20190425,2019,4,25,4,Thursday,10.0,0.0,6.4,13.7,25.0,5.6,16.7,941.1,928.6
13535,"(2019, 4, 26)",26/04/2019,20190426,2019,4,26,5,Friday,12.6,0.0,7.2,18.0,24.0,1.9,8.6,947.5,941.8
11429,"(2019, 4, 27)",27/04/2019,20190427,2019,4,27,6,Saturday,13.9,0.0,6.3,21.5,5.0,0.6,7.2,949.5,945.6
10639,"(2019, 4, 28)",28/04/2019,20190428,2019,4,28,7,Sunday,17.5,0.0,11.0,24.0,5.0,1.7,8.3,946.9,940.8
13799,"(2019, 4, 29)",29/04/2019,20190429,2019,4,29,1,Monday,19.4,0.0,13.0,25.7,99.0,2.5,7.5,942.0,938.2
14284,"(2019, 4, 30)",30/04/2019,20190430,2019,4,30,2,Tuesday,19.8,0.0,13.5,26.0,5.0,1.7,8.6,940.2,936.3
9203,"(2019, 5, 1)",01/05/2019,20190501,2019,5,1,3,Wednesday,19.8,0.0,13.5,26.0,9.0,1.9,10.8,937.4,933.9
9023,"(2019, 5, 2)",02/05/2019,20190502,2019,5,2,4,Thursday,19.2,0.0,13.0,25.4,14.0,1.1,7.2,937.5,933.0
10277,"(2019, 5, 3)",03/05/2019,20190503,2019,5,3,5,Friday,15.8,0.0,10.1,21.6,3.0,2.5,12.2,937.5,933.4
8881,"(2019, 5, 4)",04/05/2019,20190504,2019,5,4,6,Saturday,14.8,0.0,7.2,22.3,4.0,1.4,10.8,938.3,935.7
8851,"(2019, 5, 5)",05/05/2019,20190505,2019,5,5,7,Sunday,15.7,0.0,8.7,22.7,10.0,1.9,9.7,940.0,937.5
13522,"(2019, 5, 6)",06/05/2019,20190506,2019,5,6,1,Monday,17.0,0.0,9.0,25.0,26.0,1.9,9.2,941.6,938.8
14779,"(2019, 5, 7)",07/05/2019,20190507,2019,5,7,2,Tuesday,17.8,0.0,12.2,23.4,26.0,3.1,14.2,940.5,937.4
13691,"(2019, 5, 8)",08/05/2019,20190508,2019,5,8,3,Wednesday,16.2,0.0,13.1,19.3,23.0,5.3,17.2,936.6,933.0
15031,"(2019, 5, 9)",09/05/2019,20190509,2019,5,9,4,Thursday,16.7,0.0,10.2,23.2,26.0,3.3,13.1,938.1,935.3
15056,"(2019, 5, 10)",10/05/2019,20190510,2019,5,10,5,Friday,19.8,0.0,14.8,24.7,26.0,2.5,10.0,940.7,937.2
12167,"(2019, 5, 11)",11/05/2019,20190511,2019,5,11,6,Saturday,20.3,0.0,13.2,27.4,6.0,2.2,12.8,944.5,941.0
11152,"(2019, 5, 12)",12/05/2019,20190512,2019,5,12,7,Sunday,18.4,0.0,10.0,26.9,6.0,1.7,11.7,948.5,943.5
14514,"(2019, 5, 13)",13/05/2019,20190513,2019,5,13,1,Monday,21.7,0.0,13.2,30.2,5.0,1.7,10.6,944.1,938.8
16080,"(2019, 5, 14)",14/05/2019,20190514,2019,5,14,2,Tuesday,21.0,0.0,13.6,28.5,12.0,1.4,5.8,942.4,936.8
13238,"(2019, 5, 15)",15/05/2019,20190515,2019,5,15,3,Wednesday,24.0,0.0,14.5,33.5,2.0,1.1,8.6,937.0,933.0
14851,"(2019, 5, 16)",16/05/2019,20190516,2019,5,16,4,Thursday,20.5,0.1,11.0,30.0,32.0,2.8,16.7,935.2,927.1
13322,"(2019, 5, 17)",17/05/2019,20190517,2019,5,17,5,Friday,14.4,0.0,10.1,18.7,27.0,3.3,14.4,934.0,930.0
10370,"(2019, 5, 18)",18/05/2019,20190518,2019,5,18,6,Saturday,13.4,0.0,8.0,18.7,28.0,2.2,9.2,933.1,932.1
10309,"(2019, 5, 19)",19/05/2019,20190519,2019,5,19,7,Sunday,15.2,0.0,10.0,20.5,28.0,1.4,7.2,935.8,933.4
13674,"(2019, 5, 20)",20/05/2019,20190520,2019,5,20,1,Monday,15.7,0.0,9.7,21.7,6.0,1.9,7.5,936.5,934.9
15021,"(2019, 5, 21)",21/05/2019,20190521,2019,5,21,2,Tuesday,19.6,0.0,13.5,25.8,2.0,2.5,8.6,939.5,935.5
15753,"(2019, 5, 22)",22/05/2019,20190522,2019,5,22,3,Wednesday,20.7,0.0,13.2,28.2,5.0,1.1,7.8,941.0,938.5
15990,"(2019, 5, 23)",23/05/2019,20190523,2019,5,23,4,Thursday,21.6,0.0,15.0,28.3,25.0,2.5,10.8,940.5,936.7
16139,"(2019, 5, 24)",24/05/2019,20190524,2019,5,24,5,Friday,19.4,0.0,13.2,25.6,6.0,4.4,13.3,941.0,936.2
11725,"(2019, 5, 25)",25/05/2019,20190525,2019,5,25,6,Saturday,18.7,0.0,12.1,25.3,4.0,3.6,11.4,942.6,940.2
11127,"(2019, 5, 26)",26/05/2019,20190526,2019,5,26,7,Sunday,19.2,0.0,10.8,27.5,5.0,1.7,10.3,942.9,938.0
14531,"(2019, 5, 27)",27/05/2019,20190527,2019,5,27,1,Monday,21.7,0.0,14.2,29.2,31.0,1.4,11.4,938.5,934.9
15318,"(2019, 5, 28)",28/05/2019,20190528,2019,5,28,2,Tuesday,20.2,0.0,13.4,27.0,4.0,2.5,13.3,942.8,937.0
15428,"(2019, 5, 29)",29/05/2019,20190529,2019,5,29,3,Wednesday,18.8,0.0,11.0,26.5,4.0,2.2,10.8,946.6,943.4
16149,"(2019, 5, 30)",30/05/2019,20190530,2019,5,30,4,Thursday,22.2,0.0,14.0,30.3,5.0,1.7,8.1,947.4,943.8
30836,"(2019, 5, 31)",31/05/2019,20190531,2019,5,31,5,Friday,24.5,0.0,17.0,32.0,99.0,1.7,7.2,946.7,942.2
11448,"(2019, 6, 1)",01/06/2019,20190601,2019,6,1,6,Saturday,25.2,0.0,17.2,33.1,16.0,1.7,5.8,945.0,939.2
21672,"(2019, 6, 2)",02/06/2019,20190602,2019,6,2,7,Sunday,26.8,0.0,19.0,34.5,25.0,1.7,7.8,943.2,938.6
14661,"(2019, 6, 3)",03/06/2019,20190603,2019,6,3,1,Monday,26.6,0.0,20.3,32.8,22.0,3.1,12.5,940.9,936.3
15863,"(2019, 6, 4)",04/06/2019,20190604,2019,6,4,2,Tuesday,24.0,0.0,18.9,29.0,26.0,3.9,12.2,936.6,932.0
15262,"(2019, 6, 5)",05/06/2019,20190605,2019,6,5,3,Wednesday,17.4,0.0,12.7,22.1,29.0,3.9,13.6,937.5,931.7
26396,"(2019, 6, 6)",06/06/2019,20190606,2019,6,6,4,Thursday,17.5,2.0,11.0,24.0,24.0,3.1,12.8,936.9,931.4
14676,"(2019, 6, 7)",07/06/2019,20190607,2019,6,7,5,Friday,15.5,0.0,9.0,22.0,25.0,1.9,13.6,941.4,931.8
10744,"(2019, 6, 8)",08/06/2019,20190608,2019,6,8,6,Saturday,21.0,0.0,12.8,29.2,21.0,3.1,10.8,943.7,938.6
10158,"(2019, 6, 9)",09/06/2019,20190609,2019,6,9,7,Sunday,21.0,0.0,14.2,27.7,23.0,2.5,10.6,940.4,936.9
14282,"(2019, 6, 10)",10/06/2019,20190610,2019,6,10,1,Monday,20.6,0.0,14.7,26.4,28.0,1.9,8.9,939.9,935.6
14621,"(2019, 6, 11)",11/06/2019,20190611,2019,6,11,2,Tuesday,17.5,0.0,14.0,21.0,4.0,3.6,11.9,937.0,934.0
15683,"(2019, 6, 12)",12/06/2019,20190612,2019,6,12,3,Wednesday,17.7,0.0,10.0,25.4,24.0,1.7,8.1,937.0,932.1
32205,"(2019, 6, 13)",13/06/2019,20190613,2019,6,13,4,Thursday,21.4,0.0,14.4,28.5,25.0,2.5,8.6,935.4,931.5
30764,"(2019, 6, 14)",14/06/2019,20190614,2019,6,14,5,Friday,20.2,0.0,14.9,25.5,23.0,3.9,12.8,939.3,933.0
20803,"(2019, 6, 15)",15/06/2019,20190615,2019,6,15,6,Saturday,18.8,0.0,12.0,25.7,26.0,1.1,6.1,942.2,939.4
9749,"(2019, 6, 16)",16/06/2019,20190616,2019,6,16,7,Sunday,21.6,0.0,14.5,28.6,6.0,1.1,7.8,942.4,939.0
14551,"(2019, 6, 17)",17/06/2019,20190617,2019,6,17,1,Monday,24.0,0.0,16.0,32.0,19.0,1.7,8.6,941.0,936.4
30245,"(2019, 6, 18)",18/06/2019,20190618,2019,6,18,2,Tuesday,25.2,0.0,19.2,31.3,26.0,3.6,11.9,938.3,936.1
16084,"(2019, 6, 19)",19/06/2019,20190619,2019,6,19,3,Wednesday,22.5,0.0,18.0,27.0,21.0,3.1,11.4,938.8,937.0
16515,"(2019, 6, 20)",20/06/2019,20190620,2019,6,20,4,Thursday,23.0,0.0,17.5,28.5,26.0,2.5,9.4,938.2,935.0
15570,"(2019, 6, 21)",21/06/2019,20190621,2019,6,21,5,Friday,23.6,0.0,17.7,29.6,3.0,1.4,9.7,939.0,936.0
10643,"(2019, 6, 22)",22/06/2019,20190622,2019,6,22,6,Saturday,24.1,0.0,16.8,31.4,5.0,3.1,9.2,940.8,935.0
10285,"(2019, 6, 23)",23/06/2019,20190623,2019,6,23,7,Sunday,26.0,0.0,18.5,33.4,24.0,1.4,8.1,938.7,934.7
28806,"(2019, 6, 24)",24/06/2019,20190624,2019,6,24,1,Monday,26.6,0.0,21.3,32.0,18.0,2.2,8.9,938.3,935.4
15730,"(2019, 6, 25)",25/06/2019,20190625,2019,6,25,2,Tuesday,26.8,0.0,19.3,34.2,14.0,1.9,9.4,940.6,936.8
